source,target
1591,1439
1591,1639
1591,3064
1591,3156
1591,3015
2982,1150
2982,1493
2267,3344
2267,1790
2267,940
2267,916
2267,2524
190,1688
190,357
190,1588
190,3407
190,2036
2583,3069
2583,1667
2583,1491
2583,529
2583,252
559,937
559,3246
559,3015
559,2262
559,2563
2252,2145
321,937
321,2262
321,2859
321,559
321,3246
1188,2256
1188,2834
1188,137
1188,1831
1188,2208
210,2648
210,1479
210,1073
210,3325
210,3391
1493,482
1493,700
1493,2796
1493,1415
1493,930
2859,937
2859,559
2859,2781
2859,321
2859,2751
1376,2458
1376,3365
1376,2203
1376,138
1376,1060
1464,1521
1464,1204
1464,2556
1464,2062
1464,533
3370,1878
3370,3255
3370,559
3370,583
3370,565
2585,1301
2585,3329
2585,3268
2585,3320
2585,312
2751,410
2751,3246
2751,2724
2751,937
2751,2563
2731,2882
2731,1599
2731,240
2731,2996
2731,1981
217,1152
217,481
217,13
217,516
217,3440
2328,3278
2328,747
2328,921
2328,3117
2328,1147
780,1900
780,1383
780,238
780,283
780,2555
1587,2304
1587,372
1587,2594
1587,465
1587,1131
653,2208
653,1806
653,900
653,2256
653,793
3055,810
3055,1605
3055,3165
3055,1702
3055,1841
2650,1352
2650,179
2650,187
2650,385
2650,716
625,30
625,2834
625,1831
625,912
625,3257
1516,2292
1516,1630
1516,2391
1516,1840
1516,764
2724,2751
2724,410
2724,3255
2724,1878
2724,937
794,460
794,157
794,2523
794,1350
794,211
2049,3317
2049,3142
2049,480
2049,3402
2049,933
3007,2586
3007,2285
3007,21
3007,1308
3007,1190
797,1760
797,863
797,960
797,3460
797,2301
3018,263
3018,919
3018,92
3018,3137
3018,944
2684,2846
2684,1712
2684,2144
2684,3305
2684,2880
1052,2117
1052,1878
1052,1195
1052,2238
1052,620
5,937
5,546
5,559
5,2262
5,542
1255,1339
1255,1180
1255,86
1255,3025
1255,799
3121,2469
3121,2917
3121,2188
3121,2815
3121,286
241,2166
241,1484
241,1525
241,684
241,1532
1259,651
1259,129
1259,2462
1259,1949
1259,894
1346,117
1346,1288
1346,831
1346,1678
1346,1454
128,2569
128,2523
128,1800
128,667
128,2814
729,1525
729,2693
729,3365
729,2829
729,357
686,3204
686,2335
686,2667
686,1987
686,811
1124,1907
1124,301
1124,1188
1124,359
1124,2244
1548,1150
1548,557
1548,937
1548,2751
1548,1283
1103,863
1103,2599
1103,797
1103,960
1103,1988
866,3440
866,2669
866,1218
866,751
866,1545
2277,1878
2277,2634
2277,688
2277,2751
2277,3214
2380,2220
2380,1088
2380,2913
2380,2779
2380,2929
1581,489
1581,1276
1581,445
1581,1663
1581,1496
3344,2267
3344,2337
3344,3461
3344,1692
3344,1743
2973,2954
2973,2369
2973,1327
2973,1523
2973,336
1895,1749
1895,3413
1895,3345
1895,1078
1895,2822
3469,1143
3469,2553
3469,800
3469,1951
3469,1374
2359,1205
2359,1564
2359,326
2359,1790
2359,306
359,2512
359,2934
359,1209
359,9
359,1759
2654,3020
2654,1500
2654,354
2654,754
2654,1173
1715,2797
1715,2686
1715,2906
1715,160
1715,2841
356,356
2068,94
2068,2405
2068,2816
2068,2769
2068,2015
1473,2279
1473,2762
1473,3011
1473,1195
1473,3307
1879,1124
1879,1977
3074,2987
3074,3178
3074,2422
3074,2467
3074,2416
3240,1223
3240,1452
3240,50
3240,3362
3240,164
580,472
580,3
580,1887
580,33
580,3078
943,2385
943,2507
943,2858
943,2732
943,561
3076,770
3076,749
3076,724
3076,1886
3076,1465
2787,1961
2787,1892
2787,983
2787,1314
2787,2891
1628,1403
1628,223
1628,2668
1628,700
1628,2955
183,2415
183,3228
183,1449
1528,3403
1528,150
1528,678
1528,310
1528,540
1751,1655
1751,3183
1751,1239
1751,1679
1751,2911
1790,2267
1790,1600
1790,1564
1790,1177
1790,2359
948,2456
2726,2232
2726,959
2726,3160
2726,3194
2726,2944
1424,2371
1424,1298
1424,1442
1424,1771
1424,1137
1635,2354
1635,3233
1635,3001
1635,106
1635,73
2244,2518
2244,1555
2244,2160
2244,459
2244,3254
260,3443
260,163
260,1252
260,3212
1878,3255
1878,410
1878,2525
1878,2277
1878,2751
1179,791
1179,1399
1179,3148
1179,635
1179,1901
1317,1938
1317,1090
1317,2295
1317,2601
3392,2477
3392,1237
3392,1901
3392,2500
3392,791
2098,1797
2098,1428
2098,2440
2098,1696
2098,2693
873,2820
873,1246
129,651
129,894
129,2462
129,1259
129,95
736,3284
736,196
736,1427
736,2168
736,2303
3230,541
3230,3196
3230,3108
3230,1856
3230,422
58,1605
58,810
58,1051
58,3165
58,1857
3087,359
3087,2813
3087,2244
3087,9
3087,301
308,3312
308,2956
308,364
308,3014
308,2587
2567,953
2567,2782
2567,1042
2567,3363
2567,68
2262,1518
2262,593
2262,2255
2262,937
2262,3478
1660,1660
1336,317
1336,2117
1336,630
1336,2868
1336,1416
788,2033
788,2633
788,402
788,2344
788,890
791,1179
791,3148
791,2477
791,1901
791,1399
2942,879
2942,3419
2942,1609
2942,2485
2942,1501
3448,832
3448,2198
3448,1850
3448,2901
3448,2228
1382,343
1382,1164
1382,2397
1382,2642
1382,961
2792,3296
2792,392
2792,3021
2792,83
2792,3301
3156,2262
3156,937
3156,542
3156,1283
3156,2298
1235,1610
1235,2195
1235,1588
1235,2443
1235,190
2954,2973
2954,2305
2954,2933
2954,727
2954,1156
2552,2273
2552,1092
2552,1417
2552,2614
2552,2881
1709,498
1709,887
1709,1859
1709,2050
3000,1878
3000,3246
3000,3006
3000,2117
3000,2751
2748,3257
2748,1647
2748,625
2748,1946
2748,923
2880,1831
2880,912
2880,625
2880,30
2880,2751
2014,1484
2014,2166
2014,2563
2014,410
2014,937
2394,3154
2394,812
2394,3131
2394,2271
2394,2113
3314,2821
3314,1271
3314,3027
3314,2193
3314,3162
1416,1336
1416,102
1416,1195
1416,1303
1416,630
1831,625
1831,30
1831,2834
1831,912
1831,2880
2693,2166
2693,684
2693,1484
2693,1525
2693,1532
1648,3480
1648,1345
1648,131
1648,1794
1648,1019
2824,250
2824,1888
2824,2746
2824,79
2824,99
1458,2279
1458,2525
1458,1894
1458,1878
1458,1473
583,3255
583,2258
583,119
583,1484
583,2014
313,618
313,895
313,517
313,1250
313,2317
1605,2565
1605,1736
1605,1841
1605,810
1605,58
2789,2400
2789,2958
2789,3072
2789,2334
2789,1845
2015,197
2015,2405
2015,2769
2015,3407
2015,2036
301,841
301,1160
301,3315
301,1124
301,2591
2796,1251
2796,2781
2796,937
2796,1150
2796,559
351,1948
351,1068
351,61
351,1632
351,671
440,2225
440,2674
440,1928
440,2116
440,2909
2480,2876
2480,1616
2480,1968
2480,1862
2480,3157
937,2262
937,559
937,2563
937,2859
937,321
2720,1734
2720,2325
2563,2166
2563,119
2563,1484
2563,1170
2563,3478
2902,3170
2902,3061
2902,1254
2902,583
2902,2338
1579,103
1579,1327
1579,2369
1579,1523
1579,3303
850,2791
850,1231
850,2026
850,2136
850,297
1399,635
1399,1063
1399,1020
1399,3091
1399,633
1554,3457
1554,337
1554,1863
1554,1787
1554,1947
1043,1783
1043,1908
1043,492
1043,494
1043,428
1002,241
1002,1484
1002,2166
1002,1610
1002,585
2591,134
2591,1169
2591,1659
2591,1240
2591,2039
2781,937
2781,2796
2781,2859
2781,2502
2781,2262
2933,2381
2933,1484
2933,506
2933,2166
2933,1525
458,3427
458,1047
458,1966
458,1198
458,67
571,2827
571,245
571,1311
571,2643
571,1733
3481,1118
3481,454
3481,2257
3481,1686
3481,2080
3216,224
1864,1331
1864,962
1864,627
1864,178
1864,2627
544,823
544,581
544,1334
544,1653
544,447
3458,2247
3458,1573
3458,2381
3458,1484
3458,1040
1288,1346
1288,831
1288,117
1288,1283
1288,2935
912,926
912,30
912,1831
912,625
912,2880
3119,1950
3119,2645
3119,1782
3119,2312
3119,2386
2316,1896
2316,1563
2316,572
2316,1574
2316,216
403,26
403,1328
403,1992
403,1122
403,2688
3212,3117
3212,3466
3212,3443
3212,570
3212,40
1395,2894
1395,656
2195,778
2195,1865
2195,3365
2195,2170
2195,2670
2523,128
2523,542
2523,794
2523,2202
2523,108
1198,1505
1198,2926
1198,2067
1198,1697
1198,1404
1679,1418
1679,2400
1679,1751
1679,242
1679,2621
3165,1927
3165,1297
3165,810
3165,2407
3165,1883
599,2581
599,910
599,25
599,3021
599,603
2141,937
2141,22
2141,1215
2141,698
2141,1565
1058,3482
1058,760
1058,321
1058,478
1058,2066
3220,1139
3220,3185
3220,3232
3220,1061
3220,1227
3334,339
3334,3297
3334,2542
3334,994
3334,2878
1610,2247
1610,2381
1610,1040
1610,3376
1610,684
2400,2789
2400,1622
2400,1380
2400,3364
2400,1418
1181,3063
1181,2262
1181,3478
1181,2166
1181,651
2237,3349
2237,87
2237,612
2237,1467
2237,646
3042,2759
3042,1851
3042,1014
3042,1035
3042,1243
2840,1675
2840,888
2840,2154
2840,172
2840,10
2972,1889
2972,2838
2972,2465
2972,2
2972,2466
620,1878
620,3255
620,2751
620,583
620,1900
1283,3156
1283,937
1283,1105
1283,555
1283,2611
3182,2526
3182,2637
3182,2401
3182,2234
3182,621
2561,340
2561,1683
2561,925
2561,3151
2561,56
2174,1076
2174,3225
2174,3012
2174,2178
2174,3117
1373,1140
1373,1096
1373,1520
1373,846
1373,630
563,1292
563,2376
563,1388
563,1931
563,3330
532,3165
532,321
532,2781
532,1795
532,2796
1722,2077
1722,258
1722,922
1722,1207
1722,2447
1849,2898
1849,2126
1849,2423
1849,2823
1849,2236
926,912
926,173
926,1518
926,2262
926,2632
591,1159
591,3187
591,1144
591,171
591,1775
2411,2002
2411,723
2411,2187
2411,2088
2411,1408
3011,1195
3011,1473
3011,317
3011,2279
3011,1373
3186,937
3186,3380
3186,2448
3186,321
3186,2781
700,1493
700,1963
700,925
700,1048
700,1628
3246,2502
3246,937
3246,2262
3246,2751
3246,559
1573,2245
1573,1696
1573,2369
1573,1385
1573,3458
3389,2051
3389,359
3389,608
3389,1082
3389,384
432,2612
432,2942
432,3011
432,1373
432,1473
2417,1976
2417,1810
2417,858
2417,3462
2417,784
1561,2514
1561,1481
1561,1134
1561,2828
1561,2974
997,203
997,1835
997,545
997,3285
997,367
1104,3156
1104,3246
1104,2751
1104,2859
1104,937
195,971
195,3081
195,711
195,177
195,2449
2489,2489
2143,1560
2143,2403
2143,1470
2143,430
2143,2087
3248,2125
3248,2920
3248,734
3248,1296
3248,2215
322,1878
322,246
322,3214
322,2277
322,564
166,89
166,783
166,2895
166,2566
166,425
1445,1812
1445,679
1445,956
1445,471
1445,521
1841,629
1841,810
1841,1051
1841,1605
1841,2565
243,673
243,2891
243,946
243,1892
243,2310
3231,2028
3231,1866
3231,394
3231,2751
3231,2855
3313,1622
3313,2400
3313,1418
3313,1679
3313,242
3393,3435
3393,3083
3393,709
3393,1411
3393,836
230,1796
230,3094
230,817
230,2938
230,370
2967,2073
2967,1287
2967,3126
2967,483
2967,3000
2308,1537
2308,1770
2308,3210
2308,45
2308,2728
1634,688
1634,2724
1634,1496
1634,3000
1634,3214
1821,804
1821,2205
1821,398
1821,473
1821,1778
2109,2109
1044,411
1044,359
1044,2512
1044,3058
1044,2413
2310,243
2310,1892
2310,946
2310,3264
2310,564
194,2845
194,2450
194,2873
194,295
194,1174
103,1579
103,1327
103,894
103,2369
103,727
980,557
980,2241
980,651
980,3292
980,1756
1629,3332
1629,1921
1629,2661
1629,3039
1629,81
344,1795
344,321
344,2781
344,2050
3255,410
3255,583
3255,2258
3255,1878
3255,1484
2737,1136
2737,2981
2737,2006
2737,2372
2737,488
3286,710
3286,1248
3286,606
3286,3048
3286,737
651,129
651,980
651,2462
651,1259
651,3292
2381,1484
2381,1040
2381,684
2381,2247
2381,1588
2588,1514
2588,882
2588,3424
2588,531
2588,452
3063,2166
3063,3478
3063,1181
3063,2563
3063,2014
3112,389
3112,2132
3112,2378
3112,2662
3112,1990
1795,937
1795,3246
1795,2502
1795,321
1795,2014
1965,2185
1965,2061
1965,1145
1965,2872
1965,996
3434,615
3434,1125
3434,502
3434,2063
3434,1484
2063,2699
2063,3434
2063,3272
2063,615
2063,1125
2944,3194
2944,1994
2944,3272
2944,3046
2944,965
3351,141
3351,3354
3351,69
3351,96
3351,2436
282,816
282,412
282,212
282,1027
282,3127
512,3211
512,1787
512,3029
512,3041
512,1863
116,2564
116,1241
116,423
116,2677
116,1838
569,2017
569,264
569,2453
569,2010
569,2628
1402,2638
1402,3486
1402,1375
1402,1755
1402,3031
423,1842
423,1289
423,2387
423,1275
423,116
1846,1054
1846,2582
1846,1852
1846,2519
1846,299
1654,1265
1654,3328
1654,2263
1654,868
1654,1425
2865,2108
2865,1957
2865,723
2865,3247
2865,2002
511,1726
511,1182
511,1396
511,774
511,1695
2685,3360
2685,2038
2685,1566
2685,963
2685,2960
1003,1870
1003,945
1003,2119
1003,175
1003,2698
3079,369
3079,1390
3079,3177
3079,3236
3079,1930
993,2972
993,2838
993,2466
993,2
993,2465
659,2346
659,442
659,2502
659,1773
659,1219
220,1530
220,954
220,1057
220,3366
220,830
165,1910
165,2538
165,2888
165,2275
165,59
369,3079
369,1390
369,3236
369,3177
369,2189
807,1687
807,2830
807,2839
807,375
807,500
1808,2773
1808,2040
1808,1398
1808,2513
1808,2869
1787,3211
1787,3457
1787,3041
1787,1413
1787,2671
536,950
536,35
536,2300
536,1354
536,2078
1262,592
1262,2596
1262,1322
1262,70
1262,1109
815,2889
815,1211
815,2971
815,2315
815,2957
3405,1472
3405,1784
3405,2493
3405,2969
3405,1400
2340,1637
2340,674
2340,1656
2340,2155
2340,1858
2625,720
2625,3145
2625,782
2625,3004
2625,609
998,2962
998,768
998,158
998,753
998,453
1015,107
1015,2360
1015,1583
1015,1768
1015,1459
2387,423
2387,1422
2387,116
2387,1838
2387,2434
1185,466
1185,1086
1185,1362
1185,668
1185,479
2231,2564
2231,876
2231,1799
2231,1041
2231,3387
170,1469
170,2874
170,1576
170,881
170,2903
392,3214
392,2950
392,1913
392,656
392,11
152,619
152,3184
152,3114
152,1594
152,334
2761,3085
2761,2647
2761,2451
2761,3255
2761,3246
2491,2258
2491,2230
2491,1383
2491,2014
2491,1238
3071,1099
3071,3474
3071,2093
3071,2753
3071,740
739,2030
739,2428
739,265
739,2162
739,1670
3453,644
3453,2233
3453,2464
3453,474
3453,3423
100,3229
100,1982
100,755
100,3483
100,1611
148,1828
148,255
148,2487
148,198
148,3304
2679,3436
2679,412
2679,2384
2679,816
2679,415
3141,1829
3141,3343
3141,1457
3141,1138
3141,711
2616,2166
2616,1484
2616,1170
2616,1525
2616,684
437,704
437,133
437,2809
437,116
437,2494
386,3199
386,911
386,3234
386,3036
386,345
98,1805
98,1488
98,622
98,2111
98,1959
3324,758
3324,1357
3324,2630
3324,3347
3324,2683
661,116
661,1275
661,2975
661,437
661,2387
2029,818
2029,2341
2029,785
2029,2165
2029,3395
1929,423
1929,116
1929,1063
1929,1366
1929,603
632,225
632,1960
632,2584
632,2135
632,2744
1642,2269
1642,897
1642,41
1642,233
1642,3374
262,82
262,2129
262,379
262,1978
262,2600
1307,2515
1307,199
1307,2742
1307,1093
1307,1132
1766,364
1766,785
1766,2130
1766,3115
1766,1752
1515,1665
1515,101
1515,1265
1515,3321
1515,1698
600,2063
600,2311
600,2699
600,2464
600,2523
380,1108
380,2496
380,2204
380,662
380,2366
1305,1954
1305,2266
1305,2856
1305,1741
1305,2562
876,2120
876,1041
876,1748
876,1713
876,2959
1776,2181
1776,271
1776,1916
1776,1985
1776,1952
1534,300
2052,506
2052,1192
2052,2676
2052,594
2052,2893
530,2133
530,1098
530,325
530,2708
530,3340
1697,3488
1697,2421
1697,548
1697,2768
1697,1735
687,2124
687,936
687,1389
687,2709
687,3059
1171,3312
1171,2604
1171,1513
156,1914
156,71
156,288
156,1544
156,775
1315,3019
1315,184
1315,913
1315,399
1315,3420
577,1094
577,639
577,2072
577,1471
577,94
63,484
63,2951
63,2602
63,1129
63,942
3209,1867
3209,2024
3209,16
3209,2963
3209,579
574,3484
574,1815
574,2262
574,321
574,1142
1440,2710
1440,2336
1440,566
1440,3477
1440,1453
2104,238
2104,986
2104,119
2104,2618
2104,2240
2184,1804
2184,1506
2184,3093
2184,2843
2184,2159
2474,118
2474,2910
2474,2429
2474,2280
2474,2494
1668,1196
1668,3038
1668,1962
1668,2680
1668,145
2506,996
2506,2003
2506,1363
2506,3267
2506,2747
1797,3398
1797,675
1797,3265
1797,927
1797,1172
1882,42
1882,277
1882,1466
1882,495
1882,2036
1344,2156
1344,657
1344,2899
1344,204
1344,330
2819,1381
2819,2043
2819,901
2819,3067
2819,2790
3140,3401
3140,744
3140,221
3140,2752
427,1593
427,1801
427,2311
427,1397
427,1658
3431,1953
3431,2927
3431,2036
3431,357
3431,2069
3099,789
3099,259
3099,1571
3099,2558
3099,2870
2703,1746
2703,1025
2703,848
2703,2288
2703,2770
1839,189
1839,36
1839,776
1839,3084
1839,669
3416,467
3416,2119
3416,3468
3416,975
3416,1245
406,204
406,657
406,2348
406,330
406,2156
2940,3387
2940,8
2940,2468
2940,235
2940,12
2069,357
2069,2927
2069,822
2069,1606
2069,426
2606,1943
2606,3101
2606,2373
2606,1113
2606,1877
1449,287
1449,598
1449,3235
1449,554
1449,955
2156,1344
2156,657
2156,204
2156,406
2156,1437
987,970
0,116
0,885
0,1338
0,1394
0,1084
1814,1919
1814,358
1814,1323
1814,365
1814,3445
1173,2367
1173,1391
1173,982
1173,786
1173,354
2105,3090
2105,218
2105,1526
2105,886
2105,995
2484,1518
2484,593
2484,1604
2484,2262
2484,1266
615,2430
615,502
615,2807
615,3434
615,2063
2199,2299
2199,1200
2199,84
2199,149
2199,3226
1130,174
1130,3479
1130,641
1130,2121
1130,274
1861,704
1861,3215
1861,3414
1861,3103
1861,2644
1456,1620
1456,2592
1456,1349
1456,3195
1456,3062
1699,3352
1699,2404
1699,1606
1699,357
1699,2069
3164,2540
3164,1120
3164,2139
3164,3428
3164,777
905,2997
905,2719
905,350
905,1324
905,2475
1939,2446
1939,1167
1939,17
1939,1222
1939,1568
1833,2094
1833,2005
1833,3459
1833,3114
1833,809
2691,1280
2691,604
2691,1361
2691,360
2691,1991
1091,3415
1091,1443
1091,1662
1091,2844
1091,771
1562,1753
1562,3446
1562,2053
1562,239
1562,2761
2364,3241
2364,1740
2364,534
2364,441
2364,1970
288,318
288,2977
288,3478
288,119
288,2258
1640,3417
1640,803
1640,3168
1640,1158
1640,1016
1711,2575
1711,2610
1711,2857
1711,1127
1711,1652
1593,2063
1593,427
1593,1000
1593,1801
1593,2286
2930,139
2930,617
2930,2885
2930,2247
2930,3383
874,201
874,376
874,1005
874,1270
874,896
1838,2230
1838,1241
1838,3263
1838,116
1838,1383
2919,726
2919,293
2919,2986
2919,898
2919,1444
1111,1774
1111,1438
1111,1114
1111,681
1111,1387
2530,1519
2530,2944
2530,2152
2530,3272
2530,877
2118,254
2118,2320
2118,414
2118,1549
2118,2930
2230,60
2230,1838
2230,2564
2230,1241
2230,1383
51,1318
51,20
51,1552
51,2883
51,3070
906,2718
906,2035
906,1905
906,1618
906,1285
759,2849
759,1860
759,539
759,795
759,2572
2253,1213
2253,1214
2253,3118
2253,1398
2253,2658
851,1542
851,3169
851,2862
851,2842
851,1281
449,3359
449,819
449,1580
449,1836
449,2164
2932,1680
2932,1551
2932,2016
2932,53
2932,2700
2914,2209
2914,1021
2914,1525
2914,1973
2914,3065
127,1224
127,1792
127,2605
127,2983
127,1700
1274,1508
1274,3167
1274,416
1274,718
1274,2332
2669,866
2669,689
2669,714
2669,2389
2669,814
835,910
835,2581
835,2230
835,64
835,722
821,2433
821,869
821,1676
821,999
821,1017
1451,1050
1451,1126
1451,1072
1451,1499
1451,1586
578,1193
578,3371
578,1570
578,3227
578,1546
2330,2429
2330,2474
2330,2916
2330,3158
2330,3451
2424,2122
2424,3092
2424,2353
2424,2000
2424,1001
3272,2063
3272,2807
3272,3478
3272,615
3272,2944
52,972
52,2076
52,2079
52,3294
52,2805
665,1045
665,2796
665,2502
665,3246
665,659
3282,3449
3282,1024
3282,2640
3282,3060
3282,2355
2434,2677
2434,116
2434,1383
2434,2494
2434,1275
1033,2414
1033,135
1033,2590
1033,1187
1033,3411
1869,2102
1869,624
1869,1993
1869,2020
1869,2545
584,852
584,1874
584,3146
584,1379
584,1638
2721,1170
2721,341
2721,2166
2721,1484
2721,2381
2798,2398
2798,3123
2798,1249
2798,2368
2798,1847
1356,1989
1356,1592
1356,3218
1356,2652
1356,2764
2520,2535
2520,1273
2520,1306
2520,273
2520,1926
461,3323
461,433
461,3299
461,1446
461,2387
3219,2322
3219,2431
3219,3049
3219,122
3219,721
1206,1290
1206,1644
1206,2976
1206,151
1206,2054
2701,2899
2701,2810
2701,2186
2701,1437
2701,1344
750,856
750,2580
750,2242
750,2966
750,2000
2114,14
2114,1392
2114,1279
2946,3017
2946,1884
2946,7
2946,2521
2946,1986
611,150
611,1763
611,486
611,1112
611,12
785,364
785,332
785,1766
785,1621
785,2130
2897,1911
2897,2112
2897,197
2897,2712
2897,1559
2610,2575
2610,1652
2610,1711
2610,2597
2610,2857
3368,1654
3368,2247
3368,139
3368,2766
3368,2381
3097,2593
3097,3295
3097,1351
3097,48
3097,74
3373,1898
3373,292
3373,133
3373,1447
3373,2156
1430,2427
1430,1585
1430,2084
1430,3141
1430,2349
2544,1707
2544,3394
2544,2704
2544,3456
2544,1511
1710,3125
1710,3114
1710,342
1710,1833
1710,1372
2977,318
2977,2166
2977,1484
2977,288
2977,2693
2665,2055
2665,864
2665,1155
2665,1435
2665,496
1953,3431
1953,226
1953,2927
1953,2270
1953,3310
2968,431
2968,1724
2968,66
2968,2379
2968,2472
3102,1625
3102,1197
3102,2655
3102,19
3102,3095
1119,1717
1119,1708
1119,154
1119,722
1119,2772
238,2240
238,283
238,2104
238,2864
238,1383
469,1744
469,1643
469,3261
469,1837
469,1731
1575,1838
1575,1929
1575,3114
1575,2607
1575,3387
853,575
853,1762
853,967
853,672
853,1364
2694,3198
2694,3259
2694,562
2694,2158
2694,162
2596,1109
2596,830
2596,1699
2596,3352
2596,60
979,2511
979,2281
979,2022
979,3350
979,1087
267,2808
267,1509
267,38
267,2333
267,353
44,3128
44,2875
44,2197
44,902
44,2235
3213,2456
3213,377
3213,3437
3213,1004
3213,1965
2554,2801
2554,314
2554,792
2554,1718
2554,1055
2389,1619
2389,62
2389,3054
2389,2669
2389,543
2260,655
2260,752
2260,3437
2260,1174
2260,3207
2311,144
2311,1079
2311,2063
2311,600
2311,497
3476,2999
3476,501
3476,361
3476,1742
3476,3024
3107,104
3107,549
3107,2294
3107,207
3107,2837
1075,1584
1075,2240
1075,2970
1075,712
1075,610
977,3327
977,1935
977,2138
977,1230
977,1917
1457,1824
1457,1673
1457,77
1457,711
1457,2449
2177,188
2177,1475
2177,110
2177,3152
2177,2879
3352,2404
3352,357
3352,1606
3352,2069
3352,190
318,288
318,2977
318,1484
318,2166
318,119
1935,3327
1935,977
1935,2396
1935,185
1935,2799
2137,2214
2137,23
2137,567
2137,3110
2137,1590
1341,2745
1341,3337
1341,3318
1341,2758
1341,1429
354,1500
354,754
354,3020
354,2654
354,981
464,1664
464,2464
464,2085
464,3378
464,391
2916,2429
2916,3158
2916,2474
2916,2330
2916,3451
934,1487
934,844
934,2495
934,915
934,2743
2032,2377
2032,830
2032,1109
2032,3338
2032,1253
2283,231
2283,395
2283,3166
2283,1813
2283,400
2564,1199
2564,2230
2564,3387
2564,2596
2564,1241
650,2639
650,331
650,251
650,2100
650,2070
1450,2009
1450,731
1450,1884
1450,2013
1450,2557
748,1890
748,298
748,589
748,2885
748,463
1582,1062
1582,1512
1582,847
1582,2008
1582,3205
2887,2410
2887,2193
2887,3027
2887,966
2887,1825
3433,898
3433,2473
3433,1213
3433,1444
3433,726
2103,1699
2103,2247
2103,60
2103,1606
2103,3352
2643,1311
2643,571
2643,1716
2643,1480
2643,2347
1412,421
1412,586
1412,713
1412,1161
1412,3046
2107,880
2107,3346
2107,1070
2107,2172
2107,143
3224,2984
3224,3473
3224,870
3224,1789
3224,2641
222,2455
222,136
222,2802
222,2313
222,182
605,1406
605,3008
605,3404
605,2884
605,3271
702,1006
702,2402
702,1282
702,2095
702,2483
3335,1539
3335,2814
3335,2532
3335,3111
3335,473
2445,3311
2445,3150
2445,2988
2445,2619
2445,2682
2517,3080
2517,1323
2517,60
2517,2230
2517,2616
1059,208
1059,2206
1059,307
1059,3379
1059,470
323,2096
323,1875
323,85
323,1330
323,280
200,3198
200,562
200,1151
200,2142
200,1268
3355,2616
3355,39
3355,2670
3355,3478
3355,2255
1721,24
1721,1101
1721,2930
1721,2705
1721,2803
2282,3276
2282,560
2282,2835
2282,2064
2282,1701
1335,1754
1335,3143
1335,3077
1335,2226
1335,1071
607,702
607,2483
607,2624
607,2402
607,1006
3386,3464
3386,202
3386,1272
3386,1054
3386,691
2652,1356
2652,1989
2652,3218
2652,1592
2652,2486
502,2807
502,615
502,2430
502,3434
502,2778
2763,1018
2763,1153
2763,2871
2763,938
2763,660
2837,601
2837,3288
2837,1186
2837,1278
2837,2886
179,187
179,2650
179,1352
179,1556
179,2363
2750,1431
2750,1405
2750,1295
2750,1906
2750,303
1321,2625
1321,741
1321,720
1321,1312
1321,3485
3096,289
3096,2677
3096,2494
3096,333
3096,1344
2390,213
2390,290
2390,1269
2390,2979
2390,3202
1589,2985
1589,754
1589,2713
1589,1500
1589,2367
438,2678
438,475
438,2784
438,1969
438,1095
2663,952
2663,2023
2663,1755
2663,1402
2663,1375
1125,3434
1125,2063
1125,2284
1125,615
1125,502
57,2439
57,1162
57,2287
57,1220
57,3260
1904,413
1904,1325
1904,3190
1904,806
1904,1347
1422,116
1422,423
1422,2387
1422,3263
1422,1289
2470,638
2470,1110
2470,3068
2470,2358
2470,3124
1275,704
1275,423
1275,2809
1275,116
1275,2434
941,130
941,277
941,3173
941,645
941,1699
3432,1385
3432,2245
3432,1696
3432,1523
3432,2369
1455,2711
1455,3138
1455,311
1455,2546
1455,2498
2727,1165
2727,2071
2727,1682
2727,2949
2727,382
2714,3470
2714,2735
2714,2192
2714,2854
2714,951
1378,958
1378,2441
1378,1972
1378,1085
1358,2169
1358,417
1358,3243
1358,445
1358,1194
1652,2575
1652,2610
1652,318
1652,2977
1652,288
1918,6
1918,159
1918,519
1918,1738
1918,1764
115,205
115,1690
115,3161
115,1612
115,2045
1069,2598
1069,2175
1069,3372
1069,1304
1069,1482
1750,1489
1750,1264
1750,654
1750,3113
1750,1467
1535,3486
1535,3400
1535,2056
1535,928
1535,3153
1945,3465
1945,2776
1945,692
1945,1291
1945,1658
1175,111
1175,3235
1175,2194
1175,1386
1175,1707
294,2941
294,165
294,320
294,2574
294,32
1876,2298
1876,108
1876,542
1876,826
1876,1764
1053,3438
1053,2037
1053,155
1053,1932
1053,1426
728,281
728,2194
728,1069
728,2457
728,3400
1671,1955
1671,2634
1671,3275
1671,1032
1671,49
3043,2543
3043,2219
3043,2435
3043,1651
3043,1925
683,2221
683,1510
683,1933
683,284
683,1601
2778,2921
2778,1484
2778,502
2778,2166
2778,3423
2980,105
2980,448
2980,2392
2980,266
2980,964
2541,281
2541,219
2541,3275
2541,1201
2541,989
2478,1955
2478,49
2478,3400
2478,2646
2478,2298
1595,1372
1595,2555
1595,1730
1595,1080
1595,1409
2649,1816
2649,1064
2649,168
2649,2048
2649,140
3322,2176
3322,2943
3322,652
3322,1367
3322,181
1707,3394
1707,1511
1707,1492
1707,2180
1707,2704
3375,3245
3375,1037
3375,775
3375,2891
3375,2306
2332,3167
2332,1739
2332,1508
2332,763
2332,3421
3412,626
3412,1517
3412,1915
3412,1613
3412,319
1955,3400
1955,2478
1955,49
1955,3275
1955,2646
3400,1955
3400,3484
3400,1815
3400,1304
3400,2646
756,756
2216,3172
2216,663
2216,3283
2216,1615
2216,2697
1650,1497
854,628
854,1434
854,418
854,1873
3289,3028
3289,1393
3289,701
3289,355
3289,3269
1897,2075
1897,3291
3472,327
3472,3449
3472,2640
3472,3456
3472,3088
1936,705
1936,1779
1936,2928
1936,4
1936,909
1089,2194
1089,2004
1089,2432
1089,3308
1089,476
3364,232
3364,1380
3364,347
3364,396
3364,1791
738,1254
738,2634
738,1955
738,2134
738,3484
138,2458
138,1376
138,3365
138,2924
138,2203
1360,206
1360,1247
1360,3298
1360,1342
1360,1074
1350,460
1350,794
1350,2243
1350,556
1350,1826
1893,509
1893,1202
1893,2251
1893,2042
1893,2907
2817,2817
409,1201
409,1133
409,538
409,1817
409,191
153,3400
153,1955
153,49
153,989
153,2646
707,1148
707,2314
707,903
707,1176
707,3388
2800,547
2800,393
2800,1146
2800,859
2800,1728
2904,3273
2904,2510
2904,2323
2904,2291
2904,348
434,3120
434,2001
434,1304
434,3372
434,3153
1038,1541
1038,304
1038,2248
1038,3104
2115,2783
2115,1927
2115,3372
2115,2549
2115,3242
2989,2991
2989,3075
2989,1216
2989,1011
2989,904
2151,3136
2151,1039
2151,281
2151,2194
2151,1116
3467,2704
3467,3394
3467,2461
3467,2488
3467,825
3089,424
3089,3098
3089,3105
3089,2505
3089,1069
390,2153
390,55
390,1705
390,444
390,2274
3365,2458
3365,1525
3365,2924
3365,1532
3365,190
147,3396
147,2463
147,43
147,3057
147,3471
761,1117
761,1189
761,283
761,2560
761,834
3003,1553
3003,2148
3003,2536
3003,1337
3003,3422
3372,2001
3372,2388
3372,928
3372,1541
3372,2598
2568,3191
2568,838
2568,1979
2568,1887
2568,1572
2961,3181
2961,1785
2961,730
2961,1236
2961,1121
1337,1228
1337,2634
1337,2536
1337,1202
1337,49
3091,643
3091,1020
3091,1063
3091,1319
3091,635
769,1834
769,1691
769,1567
769,346
769,1065
1944,2993
1944,1267
1944,822
1944,2908
1944,2927
352,1511
352,1707
352,509
352,2180
352,2527
2297,1009
2297,1370
2297,568
2297,1289
2297,2089
1532,1525
1532,684
1532,190
1532,3035
1532,3376
2255,3478
2255,1116
2255,3409
2255,3147
2255,3100
412,451
412,867
412,493
412,816
412,2190
2891,1892
2891,946
2891,3245
2891,673
2891,3179
3358,1448
3358,801
3358,2418
3358,947
3358,3023
2998,3400
2998,153
2998,1032
2998,2255
2998,3484
2689,2689
2653,1034
2653,1649
2653,2573
2653,285
2653,27
932,1212
932,2890
932,439
932,2572
932,1289
1674,3400
1674,2134
1674,3484
1674,2171
1674,366
296,296
278,1299
278,767
278,193
278,1203
278,2687
31,2058
31,2478
31,989
31,3400
31,1444
3122,3026
3122,3279
3122,2729
3122,3149
3122,908
2452,3400
2452,3109
2452,159
2452,1732
2452,2541
2667,1987
2667,2335
2667,3204
2667,686
2667,3409
2140,2681
2140,2740
2140,3106
2140,2775
2140,1902
3487,1536
3487,2127
3487,237
2793,281
2793,875
2793,3120
2793,2646
2793,1482
3251,2620
3251,211
3251,2276
3251,2508
3251,117
2374,1217
2374,2695
2374,2180
2374,1899
2374,1677
125,1304
125,2457
125,3400
125,3153
125,728
703,2182
703,1626
703,2492
703,3033
703,2329
2617,745
2617,2212
2617,2223
2617,2716
2617,302
2569,128
2569,1800
2569,2777
2569,3056
2569,667
1229,1798
1229,2673
1229,1809
1229,316
1229,1737
97,2332
97,1739
97,602
97,2577
97,2900
798,2675
798,974
798,1371
798,1786
798,1540
3455,1999
3455,2375
3455,2947
3455,2074
3455,3341
1277,491
1277,2131
1277,167
1277,889
1277,2261
1815,281
1815,3484
1815,3147
1815,2457
1815,3400
180,275
180,3153
180,1984
180,2408
180,3050
261,2551
261,535
261,582
261,214
261,419
3293,2771
3293,1116
3293,1815
3293,1049
3293,281
2555,1372
2555,3453
2555,2998
2555,1383
2555,2258
2471,1573
2471,2245
2471,2670
2471,1385
2471,1696
2749,2356
2749,80
2749,2147
2749,1233
2749,2926
2001,928
2001,2598
2001,2388
2001,3372
2001,3153
49,1955
49,2646
49,2478
49,281
49,3275
1368,2134
1368,3484
1368,3486
1368,2298
1368,2457
161,2707
161,743
161,34
161,3217
161,827
790,2239
790,2736
790,2947
790,1569
790,1577
1984,2001
1984,2598
1984,3372
1984,2388
1984,2481
88,2044
88,3336
88,3030
88,1684
88,685
181,509
181,3086
181,1474
181,3242
181,275
3390,2343
3390,2056
3390,3120
3390,329
3390,275
2863,1191
2863,931
2863,798
2863,1909
2863,2579
2258,3478
2258,119
2258,2166
2258,3100
2258,2255
2912,468
2912,28
2912,3274
2912,2229
2912,3399
1462,2406
1462,1997
1462,2298
1462,2134
1462,3484
2213,860
2213,1135
2213,1942
2213,2795
2213,1294
1316,1066
1316,1527
1316,503
1316,978
1316,1232
509,181
509,1893
509,2251
509,3235
509,2536
1781,3009
1781,2539
1781,3135
1781,2603
1781,664
1596,371
1596,1984
1596,1032
1596,1419
1596,2066
374,374
2733,3357
2733,518
2733,112
2733,2804
2733,1871
1764,2298
1764,1142
1764,1876
1764,108
1764,773
514,1420
514,3032
514,3208
514,765
514,2504
1302,2278
1302,3159
1302,992
1302,3258
1302,46
2741,2365
2741,2395
2741,2248
2741,1183
2741,2510
723,2002
723,2411
723,2088
723,2187
723,2375
1407,1490
1407,2248
1407,1967
1407,699
1407,1441
54,2289
54,3200
54,924
54,2794
54,1486
324,1482
324,1955
324,2646
324,3400
324,281
1474,2598
1474,329
1474,3120
1474,3400
1474,1984
988,1807
988,2818
988,2025
988,1820
3316,1538
3316,2877
3316,1577
3316,550
3316,1614
553,920
553,2609
553,65
553,146
553,2826
2298,281
2298,2646
2298,3400
2298,3484
2298,1955
349,349
2454,3357
2454,2733
2454,518
2454,2825
2454,2804
227,2715
227,1502
227,3237
227,2531
227,1934
3201,2361
3201,1646
3201,3050
3201,513
3201,1460
3192,626
3192,1955
3192,3400
3192,2635
3192,2478
456,2326
456,861
456,2660
456,1510
456,234
596,596
2211,3409
2211,2860
2211,1983
2211,2696
2211,2255
984,2090
984,2847
984,1822
984,1081
984,237
275,2001
275,2388
275,3372
275,2056
275,991
973,237
973,2127
973,205
973,573
973,1612
305,787
305,1293
305,907
305,3452
305,1666
935,1622
935,2146
935,2400
935,1958
935,1418
2128,648
2128,269
2128,2936
2128,1332
2128,132
1669,3256
1669,2659
1669,1923
1669,1468
1669,3353
3041,1787
3041,3211
3041,1413
3041,849
3041,3457
2860,3409
2860,1116
2860,2255
2860,408
2860,2211
3045,3005
3045,2479
3045,884
3045,2952
3045,1623
623,1665
623,1265
623,631
623,3328
623,401
3478,2166
3478,2255
3478,119
3478,39
3478,2258
408,3409
408,2860
408,215
408,3073
408,1210
2438,696
2438,1765
2438,2437
2438,1843
2438,3454
2399,706
2399,3037
3147,3484
3147,281
3147,2255
3147,1815
3147,2457
1116,2255
1116,3478
1116,3147
1116,3100
1116,3484
2057,976
2057,636
2057,2964
2057,1693
2057,249
1732,1955
1732,989
1732,329
1732,3153
1732,3400
1032,2646
1032,2255
1032,3147
1032,3484
1032,281
2265,75
845,3053
845,2180
845,3197
845,509
845,2488
3176,985
3176,490
3176,1767
3176,1326
3176,1714
3100,3478
3100,2255
3100,1116
3100,3147
3100,2258
3441,126
3441,2608
3441,281
3441,728
3441,3372
1597,2021
1597,109
1597,2706
1597,917
1597,2537
126,3441
126,3153
126,281
126,728
126,2646
1020,3091
1020,635
1020,1399
1020,643
1020,1063
228,2867
228,2589
228,2598
228,1633
228,2419
1529,443
1529,1333
1529,735
1529,2626
1529,3139
1627,3047
1627,2146
1627,2246
1627,3041
1627,186
83,1793
83,1880
83,1866
83,1436
83,229
253,3478
253,2258
253,119
253,3147
253,1032
371,2866
371,2339
371,1927
371,1069
371,1242
2082,1029
2082,1476
2082,587
2082,1485
2082,1761
1304,3400
1304,2457
1304,3484
1304,3486
1304,2134
2370,1602
2370,1827
2370,2550
2370,2249
2370,205
1390,3079
1390,369
1390,1930
1390,2091
1390,515
2458,1376
2458,3365
2458,138
2458,2203
2458,2924
1359,3045
1359,3356
1359,2891
1359,1340
1359,3425
878,2785
878,113
878,1603
878,205
878,1769
2412,631
2412,623
2412,1665
2412,2272
2412,1083
2011,805
2011,840
2011,3188
2011,1927
2011,732
281,2646
281,3484
281,1815
281,3147
281,2298
1348,717
1348,2918
1348,338
1348,2457
1348,3429
2194,2457
2194,3147
2194,1815
2194,1116
2194,281
2179,2207
2179,1100
2179,1855
2179,1941
2179,1
1201,538
1201,409
1201,1777
1201,1133
1201,1672
1244,1401
1244,670
1244,1719
1244,1477
1244,757
3206,1369
2836,3082
2836,1320
2836,2623
2836,2548
2836,2264
363,1924
363,2629
363,883
363,1758
363,315
93,1958
93,1830
93,2343
93,820
93,3010
2309,839
2309,1624
2309,3377
2309,1066
2309,2754
1745,828
1745,1257
1745,3280
1745,527
1495,1434
1495,3132
1495,123
1495,2576
1495,1743
3242,1522
3242,595
3242,2388
3242,728
3242,3372
2537,2598
2537,2706
2537,1226
2537,3242
2537,728
537,3426
537,1244
537,2756
537,1056
537,1256
1013,2457
1013,3050
1013,3253
1013,268
1013,1069
1780,2831
1780,388
1780,2767
1780,169
1780,1046
2083,613
2083,2965
2083,1975
2083,3381
2083,121
1956,1641
1956,3221
1956,843
1956,1958
1956,2892
1577,1569
1577,2383
1577,3316
1577,790
1577,1538
2931,3484
2931,1815
2931,3298
2931,1557
2931,1141
2528,2528
3377,2309
3377,1504
3377,2183
3377,378
3377,1881
2754,192
2754,1260
2754,1010
2754,328
2754,2309
3463,3447
3463,1343
3463,509
3463,387
3463,78
2723,824
2723,1802
2723,2342
2723,1209
2723,837
2565,762
2565,1605
2565,629
2565,1927
2565,1841
373,1891
373,2953
373,309
373,3021
373,3277
3409,2255
3409,1116
3409,3478
3409,2860
3409,39
3235,509
3235,2255
3235,3147
3235,1032
3235,989
1494,270
1494,2019
1494,3385
1494,1941
1494,733
2081,2081
3239,2123
3239,1868
3239,690
3239,2672
3239,1494
510,3444
510,1157
510,328
510,2319
510,268
1729,2065
1729,1284
1729,2227
1729,676
1729,2657
1541,2388
1541,928
1541,176
1541,2001
1541,3372
2382,3339
2382,509
2382,108
2382,542
2382,2452
2217,2651
2217,2497
2217,872
2217,429
2217,2031
1524,1329
1524,3189
1524,2319
1524,291
1524,510
2345,2388
2345,2028
2345,1541
2345,2056
2345,1793
1934,2194
1934,3484
1934,1815
1934,371
1934,3237
1231,850
1231,2791
1231,1794
1231,1727
1231,2296
2149,2149
159,1225
159,6
159,1641
159,989
159,1918
833,3336
833,685
833,3348
833,2321
833,2852
523,2533
523,526
523,1723
523,551
523,2734
2636,2570
2636,381
2636,1854
2636,1547
2636,1178
616,590
616,2012
616,1844
616,507
616,2499
2408,2867
2408,1984
2408,371
2408,3372
2408,1066
72,634
72,1149
72,3238
72,1372
72,2509
682,1355
682,666
682,256
682,3250
682,328
968,2571
968,2992
968,766
968,3344
968,1221
455,455
2352,2615
2352,1184
2352,1533
2352,3300
2352,2444
1703,3456
1703,397
1703,327
1703,2704
1703,3394
3013,2608
3013,728
3013,2531
3013,281
3013,1984
3306,3306
47,2293
47,1772
47,362
47,1631
47,520
1097,2915
1097,1226
1097,1984
1097,2309
1097,1854
3144,257
3144,3134
3144,1507
3144,2110
3144,2595
742,742
2765,2765
1866,83
1866,2028
1866,1409
1866,1872
1866,2482
2196,3244
2196,3175
2196,2578
2196,2666
2196,2757
3270,516
3270,1482
3270,576
3270,725
3270,2923
2350,1998
2350,3095
2350,857
2350,124
2350,1625
2059,1012
2529,2007
2529,680
2529,2702
2529,18
2529,3002
2516,3051
2516,522
2516,597
2516,1067
2516,2201
808,3410
808,504
808,1117
808,3034
808,181
1958,2343
1958,93
1958,989
1958,1815
1958,31
91,1077
91,2409
91,2041
91,1694
91,3408
2163,708
2163,990
2163,3262
2163,2760
2163,176
1543,614
1543,2725
1543,2739
1543,3342
1543,2065
3302,335
3302,407
3302,3450
3302,304
3302,268
15,1310
15,1607
15,276
15,1498
15,1410
715,3400
715,3486
715,1304
715,281
715,2134
1365,3252
1365,2692
1365,2459
1365,3155
1365,552
2337,892
2337,3344
2337,2101
2337,1743
2337,3461
2058,31
2058,2895
2058,2850
2058,2250
2058,1641
1258,3326
1258,642
1258,247
1258,3052
1258,2690
3430,635
3430,439
3430,1747
3430,1399
3430,1063
588,871
588,1461
588,862
588,1980
588,1300
813,404
813,2222
813,2948
813,891
813,2832
3475,3475
1309,796
1309,1885
1309,37
1309,2150
1309,1922
1645,1541
1645,2056
1645,3120
1645,1853
1645,434
2745,1793
2745,1105
2745,215
2745,3348
2745,3439
985,490
985,3176
985,1767
985,1823
985,1326
2755,2755
893,3016
893,2990
893,1012
893,2877
893,2191
3369,3400
3369,2046
3369,1154
3369,640
3369,1720
3222,3222
695,462
695,2476
695,446
695,649
695,2503
2990,893
2990,3129
2990,637
2990,2092
2990,2631
1263,1036
1263,2161
1263,1163
1263,2664
1263,3287
524,772
524,3331
524,1483
524,508
524,1503
3290,3203
3290,1903
3290,405
3290,2613
3290,383
2915,1226
2915,304
2915,3044
2915,1097
2915,1010
1008,1788
1008,1725
1008,677
1008,1432
1008,1313
257,2833
257,1421
257,1433
257,1507
257,477
989,3400
989,2343
989,281
989,1032
989,1815
2806,3480
2806,1415
2806,1423
2806,2656
2806,1493
272,2939
272,2027
272,2259
272,2362
272,3133
3193,693
3193,1818
3193,1942
3193,1360
3193,3382
1154,3369
1154,248
1154,1541
1154,3266
1154,1557
2660,2867
2660,1601
2660,456
2660,2327
2660,2534
3361,1007
3361,1819
3361,1995
3361,1832
629,1841
629,2565
629,2722
629,3367
629,2254
3249,3249
3418,3418
3040,1793
3040,1912
3040,1436
3040,1022
3040,3348
1026,2853
1067,694
1067,2047
1067,2393
1067,1069
1067,2097
2200,2267
2200,3344
2200,2302
2200,3319
2200,2738
3223,2576
3223,2478
3223,3153
3223,1518
3223,1266
1143,2717
1143,3469
1143,2788
1143,2978
1143,3116
1940,969
1940,368
1940,551
1940,929
1940,1689
487,2147
487,2811
487,1811
487,719
487,1128
1920,1920
1234,2490
1234,2522
1234,2357
1234,420
1234,1967
3050,2457
3050,3201
3050,1069
3050,371
3050,1226
2157,2157
2730,1353
2173,435
2025,1166
2025,236
2025,918
2025,3180
2025,176
2812,2947
2812,2457
2812,3163
2812,2086
2812,109
3174,2623
3174,1803
3174,1102
3174,499
3174,2925
436,485
436,209
436,1937
436,1757
436,29
1617,2425
1617,1261
1617,1681
1617,1123
1617,2268
2994,1028
2994,914
2994,2307
2994,2060
2994,2622
2327,450
2327,2175
2327,1657
2327,1377
2327,1848
2218,2351
2218,1286
2218,658
2218,829
2218,505
1598,865
1598,3309
1598,2331
1598,1661
1598,1023
2937,2867
2937,2598
2937,1069
2937,3486
2937,2481
3171,3384
3171,2861
3171,2420
3171,2945
3171,142
525,1608
525,1550
525,2224
525,76
525,1414
949,2786
949,90
949,1974
949,279
949,2774
3406,3406
2850,1030
2850,2851
2850,244
2850,2922
2850,3066
2848,1115
2848,2106
2848,697
2848,3130
2848,899
2099,3214
2099,1384
2099,1685
2099,3021
2099,2034
2780,746
2780,1518
2780,3400
2780,1031
2780,1266
991,2001
991,3372
991,928
991,2388
991,3120
2324,2559
2324,3266
2324,2547
2324,855
2324,1107
2318,2194
2318,2457
2318,2134
2318,3484
2318,1815
1636,1578
1636,2501
3333,1706
3333,989
3333,2426
3333,2298
3333,3293
634,72
634,1149
634,3238
634,1463
634,2509
114,1507
114,2833
114,1704
114,1433
114,257
779,779
842,2636
842,192
842,2995
842,3281
842,2861
3396,991
3396,1803
3396,2457
3396,1531
3396,2134
2706,2537
2706,1597
2706,371
2706,3397
2706,2866
3022,1964
3022,1971
3022,2018
3022,2896
3022,120
2167,781
2167,1788
2167,2460
2167,558
2167,709
2442,2442
2457,1815
2457,3484
2457,2255
2457,3147
2457,3400
802,647
802,1996
802,528
802,957
802,843
1967,2357
1967,2290
1967,1558
1967,1234
1967,699
2905,1297
2905,1927
2905,1883
2905,2339
2905,1168
2576,1434
2576,3223
2576,1955
2576,153
2576,1069
939,939
2210,1106
1208,1478
1208,751
1208,1337
1208,3440
1208,509
1434,2576
1434,457
1434,1495
1434,3442
1434,1815
1439,1591
1639,1591
3064,1591
3156,1591
3015,1591
1150,2982
1493,2982
940,2267
916,2267
2524,2267
1688,190
357,190
1588,190
3407,190
2036,190
3069,2583
1667,2583
1491,2583
529,2583
252,2583
3015,559
2262,559
2563,559
2145,2252
2262,321
559,321
3246,321
2256,1188
2834,1188
137,1188
1831,1188
2208,1188
2648,210
1479,210
1073,210
3325,210
3391,210
482,1493
2796,1493
1415,1493
930,1493
559,2859
2751,2859
3365,1376
2203,1376
1060,1376
1521,1464
1204,1464
2556,1464
2062,1464
533,1464
1878,3370
3255,3370
559,3370
583,3370
565,3370
1301,2585
3329,2585
3268,2585
3320,2585
312,2585
410,2751
937,2751
2563,2751
2882,2731
1599,2731
240,2731
2996,2731
1981,2731
1152,217
481,217
13,217
516,217
3440,217
3278,2328
747,2328
921,2328
3117,2328
1147,2328
1900,780
1383,780
238,780
283,780
2555,780
2304,1587
372,1587
2594,1587
465,1587
1131,1587
2208,653
1806,653
900,653
2256,653
793,653
810,3055
1605,3055
3165,3055
1702,3055
1841,3055
1352,2650
187,2650
385,2650
716,2650
30,625
2834,625
3257,625
2292,1516
1630,1516
2391,1516
1840,1516
764,1516
410,2724
3255,2724
1878,2724
937,2724
460,794
157,794
211,794
3317,2049
3142,2049
480,2049
3402,2049
933,2049
2586,3007
2285,3007
21,3007
1308,3007
1190,3007
1760,797
863,797
960,797
3460,797
2301,797
263,3018
919,3018
92,3018
3137,3018
944,3018
2846,2684
1712,2684
2144,2684
3305,2684
2880,2684
2117,1052
1878,1052
1195,1052
2238,1052
620,1052
937,5
546,5
559,5
2262,5
542,5
1339,1255
1180,1255
86,1255
3025,1255
799,1255
2469,3121
2917,3121
2188,3121
2815,3121
286,3121
2166,241
1484,241
1525,241
684,241
1532,241
2462,1259
1949,1259
894,1259
117,1346
831,1346
1678,1346
1454,1346
1800,128
667,128
2814,128
1525,729
2693,729
3365,729
2829,729
357,729
3204,686
2335,686
1987,686
811,686
1907,1124
1188,1124
359,1124
2244,1124
1150,1548
557,1548
937,1548
2751,1548
1283,1548
863,1103
2599,1103
797,1103
960,1103
1988,1103
3440,866
1218,866
751,866
1545,866
2634,2277
688,2277
2751,2277
3214,2277
2220,2380
1088,2380
2913,2380
2779,2380
2929,2380
489,1581
1276,1581
445,1581
1663,1581
1496,1581
3461,3344
1692,3344
1743,3344
2369,2973
1327,2973
1523,2973
336,2973
1749,1895
3413,1895
3345,1895
1078,1895
2822,1895
2553,3469
800,3469
1951,3469
1374,3469
1205,2359
1564,2359
326,2359
306,2359
2512,359
2934,359
1209,359
9,359
1759,359
3020,2654
1500,2654
754,2654
1173,2654
2797,1715
2686,1715
2906,1715
160,1715
2841,1715
94,2068
2405,2068
2816,2068
2769,2068
2015,2068
2279,1473
2762,1473
1195,1473
3307,1473
1124,1879
1977,1879
2987,3074
3178,3074
2422,3074
2467,3074
2416,3074
1223,3240
1452,3240
50,3240
3362,3240
164,3240
472,580
3,580
1887,580
33,580
3078,580
2385,943
2507,943
2858,943
2732,943
561,943
770,3076
749,3076
724,3076
1886,3076
1465,3076
1961,2787
1892,2787
983,2787
1314,2787
2891,2787
1403,1628
223,1628
2668,1628
2955,1628
2415,183
3228,183
1449,183
3403,1528
150,1528
678,1528
310,1528
540,1528
1655,1751
3183,1751
1239,1751
2911,1751
1600,1790
1564,1790
1177,1790
2456,948
2232,2726
959,2726
3160,2726
3194,2726
2944,2726
2371,1424
1298,1424
1442,1424
1771,1424
1137,1424
2354,1635
3233,1635
3001,1635
106,1635
73,1635
2518,2244
1555,2244
2160,2244
459,2244
3254,2244
3443,260
163,260
1252,260
3212,260
410,1878
2525,1878
2751,1878
1399,1179
3148,1179
635,1179
1901,1179
1938,1317
1090,1317
2295,1317
2601,1317
2477,3392
1237,3392
1901,3392
2500,3392
791,3392
1797,2098
1428,2098
2440,2098
1696,2098
2693,2098
2820,873
1246,873
894,129
2462,129
95,129
3284,736
196,736
1427,736
2168,736
2303,736
541,3230
3196,3230
3108,3230
1856,3230
422,3230
810,58
1051,58
3165,58
1857,58
359,3087
2813,3087
2244,3087
9,3087
301,3087
3312,308
2956,308
364,308
3014,308
2587,308
953,2567
2782,2567
1042,2567
3363,2567
68,2567
1518,2262
593,2262
2255,2262
3478,2262
317,1336
2117,1336
630,1336
2868,1336
2033,788
2633,788
402,788
2344,788
890,788
3148,791
2477,791
1901,791
1399,791
879,2942
3419,2942
1609,2942
2485,2942
1501,2942
832,3448
2198,3448
1850,3448
2901,3448
2228,3448
343,1382
1164,1382
2397,1382
2642,1382
961,1382
3296,2792
392,2792
3021,2792
83,2792
3301,2792
2262,3156
937,3156
542,3156
2298,3156
1610,1235
2195,1235
1588,1235
2443,1235
190,1235
2305,2954
2933,2954
727,2954
1156,2954
2273,2552
1092,2552
1417,2552
2614,2552
2881,2552
498,1709
887,1709
1859,1709
2050,1709
1878,3000
3246,3000
3006,3000
2117,3000
2751,3000
3257,2748
1647,2748
625,2748
1946,2748
923,2748
625,2880
30,2880
2751,2880
1484,2014
2166,2014
2563,2014
410,2014
937,2014
3154,2394
812,2394
3131,2394
2271,2394
2113,2394
2821,3314
1271,3314
3027,3314
2193,3314
3162,3314
102,1416
1195,1416
1303,1416
630,1416
30,1831
2834,1831
2166,2693
684,2693
1484,2693
1525,2693
1532,2693
3480,1648
1345,1648
131,1648
1794,1648
1019,1648
250,2824
1888,2824
2746,2824
79,2824
99,2824
2279,1458
2525,1458
1894,1458
1878,1458
1473,1458
2258,583
119,583
1484,583
2014,583
618,313
895,313
517,313
1250,313
2317,313
1736,1605
810,1605
2958,2789
3072,2789
2334,2789
1845,2789
197,2015
2405,2015
2769,2015
3407,2015
2036,2015
841,301
1160,301
3315,301
2591,301
1251,2796
937,2796
1150,2796
559,2796
1948,351
1068,351
61,351
1632,351
671,351
2225,440
2674,440
1928,440
2116,440
2909,440
2876,2480
1616,2480
1968,2480
1862,2480
3157,2480
2563,937
1734,2720
2325,2720
2166,2563
119,2563
1484,2563
1170,2563
3478,2563
3170,2902
3061,2902
1254,2902
583,2902
2338,2902
1327,1579
2369,1579
1523,1579
3303,1579
2791,850
2026,850
2136,850
297,850
635,1399
1063,1399
3091,1399
633,1399
3457,1554
337,1554
1863,1554
1787,1554
1947,1554
1783,1043
1908,1043
492,1043
494,1043
428,1043
241,1002
1484,1002
2166,1002
1610,1002
585,1002
134,2591
1169,2591
1659,2591
1240,2591
2039,2591
937,2781
2502,2781
2262,2781
2381,2933
1484,2933
506,2933
2166,2933
1525,2933
3427,458
1047,458
1966,458
1198,458
67,458
2827,571
245,571
1311,571
1733,571
1118,3481
454,3481
2257,3481
1686,3481
2080,3481
224,3216
1331,1864
962,1864
627,1864
178,1864
2627,1864
823,544
581,544
1334,544
1653,544
447,544
2247,3458
2381,3458
1484,3458
1040,3458
831,1288
117,1288
1283,1288
2935,1288
30,912
1950,3119
2645,3119
1782,3119
2312,3119
2386,3119
1896,2316
1563,2316
572,2316
1574,2316
216,2316
26,403
1328,403
1992,403
1122,403
2688,403
3117,3212
3466,3212
3443,3212
570,3212
40,3212
2894,1395
656,1395
778,2195
1865,2195
3365,2195
2170,2195
2670,2195
542,2523
2202,2523
108,2523
1505,1198
2926,1198
2067,1198
1697,1198
1404,1198
1418,1679
2400,1679
242,1679
2621,1679
1927,3165
1297,3165
810,3165
2407,3165
1883,3165
2581,599
910,599
25,599
3021,599
603,599
937,2141
22,2141
1215,2141
698,2141
1565,2141
3482,1058
760,1058
321,1058
478,1058
2066,1058
1139,3220
3185,3220
3232,3220
1061,3220
1227,3220
339,3334
3297,3334
2542,3334
994,3334
2878,3334
2247,1610
2381,1610
1040,1610
3376,1610
684,1610
1622,2400
1380,2400
3364,2400
1418,2400
2262,1181
3478,1181
2166,1181
651,1181
3349,2237
87,2237
612,2237
1467,2237
646,2237
2759,3042
1851,3042
1014,3042
1035,3042
1243,3042
1675,2840
888,2840
2154,2840
172,2840
10,2840
1889,2972
2838,2972
2465,2972
2,2972
2466,2972
1878,620
3255,620
2751,620
583,620
1900,620
937,1283
1105,1283
555,1283
2611,1283
2526,3182
2637,3182
2401,3182
2234,3182
621,3182
340,2561
1683,2561
925,2561
3151,2561
56,2561
1076,2174
3225,2174
3012,2174
2178,2174
3117,2174
1140,1373
1096,1373
1520,1373
846,1373
630,1373
1292,563
2376,563
1388,563
1931,563
3330,563
3165,532
321,532
2781,532
1795,532
2796,532
2077,1722
258,1722
922,1722
1207,1722
2447,1722
2898,1849
2126,1849
2423,1849
2823,1849
2236,1849
173,926
1518,926
2262,926
2632,926
1159,591
3187,591
1144,591
171,591
1775,591
2002,2411
2187,2411
2088,2411
1408,2411
1195,3011
317,3011
2279,3011
1373,3011
937,3186
3380,3186
2448,3186
321,3186
2781,3186
1963,700
925,700
1048,700
2502,3246
937,3246
2262,3246
2245,1573
1696,1573
2369,1573
1385,1573
2051,3389
359,3389
608,3389
1082,3389
384,3389
2612,432
2942,432
3011,432
1373,432
1473,432
1976,2417
1810,2417
858,2417
3462,2417
784,2417
2514,1561
1481,1561
1134,1561
2828,1561
2974,1561
203,997
1835,997
545,997
3285,997
367,997
3156,1104
3246,1104
2751,1104
2859,1104
937,1104
971,195
3081,195
711,195
177,195
2449,195
1560,2143
2403,2143
1470,2143
430,2143
2087,2143
2125,3248
2920,3248
734,3248
1296,3248
2215,3248
1878,322
246,322
3214,322
2277,322
564,322
89,166
783,166
2895,166
2566,166
425,166
1812,1445
679,1445
956,1445
471,1445
521,1445
810,1841
1051,1841
673,243
2891,243
946,243
1892,243
2028,3231
1866,3231
394,3231
2751,3231
2855,3231
1622,3313
2400,3313
1418,3313
1679,3313
242,3313
3435,3393
3083,3393
709,3393
1411,3393
836,3393
1796,230
3094,230
817,230
2938,230
370,230
2073,2967
1287,2967
3126,2967
483,2967
3000,2967
1537,2308
1770,2308
3210,2308
45,2308
2728,2308
688,1634
2724,1634
1496,1634
3000,1634
3214,1634
804,1821
2205,1821
398,1821
473,1821
1778,1821
411,1044
359,1044
2512,1044
3058,1044
2413,1044
1892,2310
946,2310
3264,2310
564,2310
2845,194
2450,194
2873,194
295,194
1174,194
1327,103
894,103
2369,103
727,103
557,980
2241,980
3292,980
1756,980
3332,1629
1921,1629
2661,1629
3039,1629
81,1629
1795,344
321,344
2781,344
2050,344
410,3255
2258,3255
1484,3255
1136,2737
2981,2737
2006,2737
2372,2737
488,2737
710,3286
1248,3286
606,3286
3048,3286
737,3286
2462,651
3292,651
1484,2381
1040,2381
684,2381
2247,2381
1588,2381
1514,2588
882,2588
3424,2588
531,2588
452,2588
2166,3063
3478,3063
2563,3063
2014,3063
389,3112
2132,3112
2378,3112
2662,3112
1990,3112
937,1795
3246,1795
2502,1795
321,1795
2014,1795
2185,1965
2061,1965
1145,1965
2872,1965
996,1965
1484,3434
2699,2063
3194,2944
1994,2944
3046,2944
965,2944
141,3351
3354,3351
69,3351
96,3351
2436,3351
816,282
412,282
212,282
1027,282
3127,282
3211,512
1787,512
3029,512
3041,512
1863,512
2564,116
1241,116
2677,116
2017,569
264,569
2453,569
2010,569
2628,569
2638,1402
3486,1402
1375,1402
1755,1402
3031,1402
1842,423
1289,423
1054,1846
2582,1846
1852,1846
2519,1846
299,1846
1265,1654
3328,1654
2263,1654
868,1654
1425,1654
2108,2865
1957,2865
723,2865
3247,2865
2002,2865
1726,511
1182,511
1396,511
774,511
1695,511
3360,2685
2038,2685
1566,2685
963,2685
2960,2685
1870,1003
945,1003
2119,1003
175,1003
2698,1003
3177,3079
3236,3079
1930,3079
2972,993
2838,993
2466,993
2,993
2465,993
2346,659
442,659
2502,659
1773,659
1219,659
1530,220
954,220
1057,220
3366,220
830,220
1910,165
2538,165
2888,165
2275,165
59,165
3236,369
3177,369
2189,369
1687,807
2830,807
2839,807
375,807
500,807
2773,1808
2040,1808
1398,1808
2513,1808
2869,1808
3211,1787
3457,1787
1413,1787
2671,1787
950,536
35,536
2300,536
1354,536
2078,536
592,1262
2596,1262
1322,1262
70,1262
1109,1262
2889,815
1211,815
2971,815
2315,815
2957,815
1472,3405
1784,3405
2493,3405
2969,3405
1400,3405
1637,2340
674,2340
1656,2340
2155,2340
1858,2340
720,2625
3145,2625
782,2625
3004,2625
609,2625
2962,998
768,998
158,998
753,998
453,998
107,1015
2360,1015
1583,1015
1768,1015
1459,1015
116,2387
1838,2387
2434,2387
466,1185
1086,1185
1362,1185
668,1185
479,1185
2564,2231
876,2231
1799,2231
1041,2231
3387,2231
1469,170
2874,170
1576,170
881,170
2903,170
3214,392
2950,392
1913,392
656,392
11,392
619,152
3184,152
3114,152
1594,152
334,152
3085,2761
2647,2761
2451,2761
3255,2761
3246,2761
2258,2491
2230,2491
1383,2491
2014,2491
1238,2491
1099,3071
3474,3071
2093,3071
2753,3071
740,3071
2030,739
2428,739
265,739
2162,739
1670,739
644,3453
2233,3453
2464,3453
474,3453
3423,3453
3229,100
1982,100
755,100
3483,100
1611,100
1828,148
255,148
2487,148
198,148
3304,148
3436,2679
412,2679
2384,2679
816,2679
415,2679
1829,3141
3343,3141
1457,3141
1138,3141
711,3141
2166,2616
1484,2616
1170,2616
1525,2616
684,2616
704,437
133,437
2809,437
116,437
2494,437
3199,386
911,386
3234,386
3036,386
345,386
1805,98
1488,98
622,98
2111,98
1959,98
758,3324
1357,3324
2630,3324
3347,3324
2683,3324
116,661
1275,661
2975,661
437,661
2387,661
818,2029
2341,2029
785,2029
2165,2029
3395,2029
423,1929
116,1929
1063,1929
1366,1929
603,1929
225,632
1960,632
2584,632
2135,632
2744,632
2269,1642
897,1642
41,1642
233,1642
3374,1642
82,262
2129,262
379,262
1978,262
2600,262
2515,1307
199,1307
2742,1307
1093,1307
1132,1307
364,1766
2130,1766
3115,1766
1752,1766
1665,1515
101,1515
1265,1515
3321,1515
1698,1515
2063,600
2699,600
2464,600
2523,600
1108,380
2496,380
2204,380
662,380
2366,380
1954,1305
2266,1305
2856,1305
1741,1305
2562,1305
2120,876
1041,876
1748,876
1713,876
2959,876
2181,1776
271,1776
1916,1776
1985,1776
1952,1776
300,1534
506,2052
1192,2052
2676,2052
594,2052
2893,2052
2133,530
1098,530
325,530
2708,530
3340,530
3488,1697
2421,1697
548,1697
2768,1697
1735,1697
2124,687
936,687
1389,687
2709,687
3059,687
3312,1171
2604,1171
1513,1171
1914,156
71,156
288,156
1544,156
775,156
3019,1315
184,1315
913,1315
399,1315
3420,1315
1094,577
639,577
2072,577
1471,577
94,577
484,63
2951,63
2602,63
1129,63
942,63
1867,3209
2024,3209
16,3209
2963,3209
579,3209
3484,574
1815,574
2262,574
321,574
1142,574
2710,1440
2336,1440
566,1440
3477,1440
1453,1440
986,2104
119,2104
2618,2104
2240,2104
1804,2184
1506,2184
3093,2184
2843,2184
2159,2184
118,2474
2910,2474
2429,2474
2280,2474
2494,2474
1196,1668
3038,1668
1962,1668
2680,1668
145,1668
996,2506
2003,2506
1363,2506
3267,2506
2747,2506
3398,1797
675,1797
3265,1797
927,1797
1172,1797
42,1882
277,1882
1466,1882
495,1882
2036,1882
657,1344
2899,1344
204,1344
330,1344
1381,2819
2043,2819
901,2819
3067,2819
2790,2819
3401,3140
744,3140
221,3140
2752,3140
1801,427
2311,427
1397,427
1658,427
2927,3431
2036,3431
357,3431
2069,3431
789,3099
259,3099
1571,3099
2558,3099
2870,3099
1746,2703
1025,2703
848,2703
2288,2703
2770,2703
189,1839
36,1839
776,1839
3084,1839
669,1839
467,3416
2119,3416
3468,3416
975,3416
1245,3416
204,406
657,406
2348,406
330,406
3387,2940
8,2940
2468,2940
235,2940
12,2940
357,2069
2927,2069
822,2069
1606,2069
426,2069
1943,2606
3101,2606
2373,2606
1113,2606
1877,2606
287,1449
598,1449
3235,1449
554,1449
955,1449
657,2156
204,2156
1437,2156
970,987
116,0
885,0
1338,0
1394,0
1084,0
1919,1814
358,1814
1323,1814
365,1814
3445,1814
2367,1173
1391,1173
982,1173
786,1173
354,1173
3090,2105
218,2105
1526,2105
886,2105
995,2105
1518,2484
593,2484
1604,2484
2262,2484
1266,2484
2430,615
2807,615
2299,2199
1200,2199
84,2199
149,2199
3226,2199
174,1130
3479,1130
641,1130
2121,1130
274,1130
704,1861
3215,1861
3414,1861
3103,1861
2644,1861
1620,1456
2592,1456
1349,1456
3195,1456
3062,1456
3352,1699
2404,1699
1606,1699
357,1699
2069,1699
2540,3164
1120,3164
2139,3164
3428,3164
777,3164
2997,905
2719,905
350,905
1324,905
2475,905
2446,1939
1167,1939
17,1939
1222,1939
1568,1939
2094,1833
2005,1833
3459,1833
3114,1833
809,1833
1280,2691
604,2691
1361,2691
360,2691
1991,2691
3415,1091
1443,1091
1662,1091
2844,1091
771,1091
1753,1562
3446,1562
2053,1562
239,1562
2761,1562
3241,2364
1740,2364
534,2364
441,2364
1970,2364
3478,288
119,288
2258,288
3417,1640
803,1640
3168,1640
1158,1640
1016,1640
2575,1711
2857,1711
1127,1711
1652,1711
2063,1593
1000,1593
1801,1593
2286,1593
139,2930
617,2930
2885,2930
2247,2930
3383,2930
201,874
376,874
1005,874
1270,874
896,874
1241,1838
3263,1838
1383,1838
726,2919
293,2919
2986,2919
898,2919
1444,2919
1774,1111
1438,1111
1114,1111
681,1111
1387,1111
1519,2530
2944,2530
2152,2530
3272,2530
877,2530
254,2118
2320,2118
414,2118
1549,2118
2930,2118
60,2230
1241,2230
1383,2230
1318,51
20,51
1552,51
2883,51
3070,51
2718,906
2035,906
1905,906
1618,906
1285,906
2849,759
1860,759
539,759
795,759
2572,759
1213,2253
1214,2253
3118,2253
1398,2253
2658,2253
1542,851
3169,851
2862,851
2842,851
1281,851
3359,449
819,449
1580,449
1836,449
2164,449
1680,2932
1551,2932
2016,2932
53,2932
2700,2932
2209,2914
1021,2914
1525,2914
1973,2914
3065,2914
1224,127
1792,127
2605,127
2983,127
1700,127
1508,1274
3167,1274
416,1274
718,1274
2332,1274
689,2669
714,2669
814,2669
910,835
2581,835
2230,835
64,835
722,835
2433,821
869,821
1676,821
999,821
1017,821
1050,1451
1126,1451
1072,1451
1499,1451
1586,1451
1193,578
3371,578
1570,578
3227,578
1546,578
2429,2330
2474,2330
3158,2330
3451,2330
2122,2424
3092,2424
2353,2424
2000,2424
1001,2424
2807,3272
3478,3272
615,3272
972,52
2076,52
2079,52
3294,52
2805,52
1045,665
2796,665
2502,665
3246,665
659,665
3449,3282
1024,3282
2640,3282
3060,3282
2355,3282
2677,2434
116,2434
1383,2434
2494,2434
2414,1033
135,1033
2590,1033
1187,1033
3411,1033
2102,1869
624,1869
1993,1869
2020,1869
2545,1869
852,584
1874,584
3146,584
1379,584
1638,584
1170,2721
341,2721
2166,2721
1484,2721
2381,2721
2398,2798
3123,2798
1249,2798
2368,2798
1847,2798
1989,1356
1592,1356
3218,1356
2764,1356
2535,2520
1273,2520
1306,2520
273,2520
1926,2520
3323,461
433,461
3299,461
1446,461
2387,461
2322,3219
2431,3219
3049,3219
122,3219
721,3219
1290,1206
1644,1206
2976,1206
151,1206
2054,1206
2899,2701
2810,2701
2186,2701
1437,2701
1344,2701
856,750
2580,750
2242,750
2966,750
2000,750
14,2114
1392,2114
1279,2114
3017,2946
1884,2946
7,2946
2521,2946
1986,2946
150,611
1763,611
486,611
1112,611
12,611
364,785
332,785
1621,785
2130,785
1911,2897
2112,2897
197,2897
2712,2897
1559,2897
2575,2610
2597,2610
2857,2610
1654,3368
2247,3368
139,3368
2766,3368
2381,3368
2593,3097
3295,3097
1351,3097
48,3097
74,3097
1898,3373
292,3373
133,3373
1447,3373
2156,3373
2427,1430
1585,1430
2084,1430
3141,1430
2349,1430
1707,2544
3394,2544
2704,2544
3456,2544
1511,2544
3125,1710
3114,1710
342,1710
1833,1710
1372,1710
2166,2977
1484,2977
2693,2977
2055,2665
864,2665
1155,2665
1435,2665
496,2665
226,1953
2927,1953
2270,1953
3310,1953
431,2968
1724,2968
66,2968
2379,2968
2472,2968
1625,3102
1197,3102
2655,3102
19,3102
3095,3102
1717,1119
1708,1119
154,1119
722,1119
2772,1119
2240,238
283,238
2864,238
1383,238
1744,469
1643,469
3261,469
1837,469
1731,469
1838,1575
1929,1575
3114,1575
2607,1575
3387,1575
575,853
1762,853
967,853
672,853
1364,853
3198,2694
3259,2694
562,2694
2158,2694
162,2694
1109,2596
830,2596
1699,2596
3352,2596
60,2596
2511,979
2281,979
2022,979
3350,979
1087,979
2808,267
1509,267
38,267
2333,267
353,267
3128,44
2875,44
2197,44
902,44
2235,44
2456,3213
377,3213
3437,3213
1004,3213
1965,3213
2801,2554
314,2554
792,2554
1718,2554
1055,2554
1619,2389
62,2389
3054,2389
543,2389
655,2260
752,2260
3437,2260
1174,2260
3207,2260
144,2311
1079,2311
2063,2311
497,2311
2999,3476
501,3476
361,3476
1742,3476
3024,3476
104,3107
549,3107
2294,3107
207,3107
2837,3107
1584,1075
2240,1075
2970,1075
712,1075
610,1075
3327,977
2138,977
1230,977
1917,977
1824,1457
1673,1457
77,1457
711,1457
2449,1457
188,2177
1475,2177
110,2177
3152,2177
2879,2177
2404,3352
357,3352
1606,3352
2069,3352
190,3352
1484,318
2166,318
119,318
3327,1935
2396,1935
185,1935
2799,1935
2214,2137
23,2137
567,2137
3110,2137
1590,2137
2745,1341
3337,1341
3318,1341
2758,1341
1429,1341
1500,354
754,354
3020,354
981,354
1664,464
2464,464
2085,464
3378,464
391,464
2429,2916
3158,2916
2474,2916
3451,2916
1487,934
844,934
2495,934
915,934
2743,934
2377,2032
830,2032
1109,2032
3338,2032
1253,2032
231,2283
395,2283
3166,2283
1813,2283
400,2283
1199,2564
3387,2564
2596,2564
1241,2564
2639,650
331,650
251,650
2100,650
2070,650
2009,1450
731,1450
1884,1450
2013,1450
2557,1450
1890,748
298,748
589,748
2885,748
463,748
1062,1582
1512,1582
847,1582
2008,1582
3205,1582
2410,2887
2193,2887
3027,2887
966,2887
1825,2887
898,3433
2473,3433
1213,3433
1444,3433
726,3433
1699,2103
2247,2103
60,2103
1606,2103
3352,2103
1311,2643
1716,2643
1480,2643
2347,2643
421,1412
586,1412
713,1412
1161,1412
3046,1412
880,2107
3346,2107
1070,2107
2172,2107
143,2107
2984,3224
3473,3224
870,3224
1789,3224
2641,3224
2455,222
136,222
2802,222
2313,222
182,222
1406,605
3008,605
3404,605
2884,605
3271,605
1006,702
2402,702
1282,702
2095,702
2483,702
1539,3335
2814,3335
2532,3335
3111,3335
473,3335
3311,2445
3150,2445
2988,2445
2619,2445
2682,2445
3080,2517
1323,2517
60,2517
2230,2517
2616,2517
208,1059
2206,1059
307,1059
3379,1059
470,1059
2096,323
1875,323
85,323
1330,323
280,323
3198,200
562,200
1151,200
2142,200
1268,200
2616,3355
39,3355
2670,3355
3478,3355
2255,3355
24,1721
1101,1721
2930,1721
2705,1721
2803,1721
3276,2282
560,2282
2835,2282
2064,2282
1701,2282
1754,1335
3143,1335
3077,1335
2226,1335
1071,1335
702,607
2483,607
2624,607
2402,607
1006,607
3464,3386
202,3386
1272,3386
1054,3386
691,3386
1989,2652
3218,2652
1592,2652
2486,2652
2807,502
2430,502
1018,2763
1153,2763
2871,2763
938,2763
660,2763
601,2837
3288,2837
1186,2837
1278,2837
2886,2837
187,179
1352,179
1556,179
2363,179
1431,2750
1405,2750
1295,2750
1906,2750
303,2750
2625,1321
741,1321
720,1321
1312,1321
3485,1321
289,3096
2677,3096
2494,3096
333,3096
1344,3096
213,2390
290,2390
1269,2390
2979,2390
3202,2390
2985,1589
754,1589
2713,1589
1500,1589
2367,1589
2678,438
475,438
2784,438
1969,438
1095,438
952,2663
2023,2663
1755,2663
1402,2663
1375,2663
2284,1125
615,1125
502,1125
2439,57
1162,57
2287,57
1220,57
3260,57
413,1904
1325,1904
3190,1904
806,1904
1347,1904
116,1422
423,1422
3263,1422
1289,1422
638,2470
1110,2470
3068,2470
2358,2470
3124,2470
704,1275
2809,1275
116,1275
130,941
277,941
3173,941
645,941
1699,941
1385,3432
2245,3432
1696,3432
1523,3432
2369,3432
2711,1455
3138,1455
311,1455
2546,1455
2498,1455
1165,2727
2071,2727
1682,2727
2949,2727
382,2727
3470,2714
2735,2714
2192,2714
2854,2714
951,2714
958,1378
2441,1378
1972,1378
1085,1378
2169,1358
417,1358
3243,1358
445,1358
1194,1358
2575,1652
318,1652
2977,1652
288,1652
6,1918
519,1918
1738,1918
1764,1918
205,115
1690,115
3161,115
1612,115
2045,115
2598,1069
2175,1069
3372,1069
1304,1069
1482,1069
1489,1750
1264,1750
654,1750
3113,1750
1467,1750
3486,1535
3400,1535
2056,1535
928,1535
3153,1535
3465,1945
2776,1945
692,1945
1291,1945
1658,1945
111,1175
3235,1175
2194,1175
1386,1175
1707,1175
2941,294
165,294
320,294
2574,294
32,294
2298,1876
108,1876
542,1876
826,1876
3438,1053
2037,1053
155,1053
1932,1053
1426,1053
281,728
2194,728
1069,728
2457,728
3400,728
1955,1671
2634,1671
3275,1671
1032,1671
49,1671
2543,3043
2219,3043
2435,3043
1651,3043
1925,3043
2221,683
1510,683
1933,683
284,683
1601,683
2921,2778
1484,2778
2166,2778
3423,2778
105,2980
448,2980
2392,2980
266,2980
964,2980
281,2541
219,2541
3275,2541
1201,2541
989,2541
3400,2478
2646,2478
2298,2478
1372,1595
2555,1595
1730,1595
1080,1595
1409,1595
1816,2649
1064,2649
168,2649
2048,2649
140,2649
2176,3322
2943,3322
652,3322
1367,3322
181,3322
3394,1707
1511,1707
1492,1707
2180,1707
2704,1707
3245,3375
1037,3375
775,3375
2891,3375
2306,3375
3167,2332
1739,2332
1508,2332
763,2332
3421,2332
626,3412
1517,3412
1915,3412
1613,3412
319,3412
3275,1955
2646,1955
3484,3400
2646,3400
3172,2216
663,2216
3283,2216
1615,2216
2697,2216
1497,1650
628,854
1434,854
418,854
1873,854
3028,3289
1393,3289
701,3289
355,3289
3269,3289
2075,1897
3291,1897
327,3472
3449,3472
2640,3472
3456,3472
3088,3472
705,1936
1779,1936
2928,1936
4,1936
909,1936
2194,1089
2004,1089
2432,1089
3308,1089
476,1089
232,3364
1380,3364
347,3364
396,3364
1791,3364
1254,738
2634,738
1955,738
2134,738
3484,738
3365,138
2924,138
2203,138
206,1360
1247,1360
3298,1360
1342,1360
1074,1360
460,1350
2243,1350
556,1350
1826,1350
1202,1893
2251,1893
2042,1893
2907,1893
1133,409
538,409
1817,409
191,409
3400,153
1955,153
49,153
989,153
2646,153
1148,707
2314,707
903,707
1176,707
3388,707
547,2800
393,2800
1146,2800
859,2800
1728,2800
3273,2904
2510,2904
2323,2904
2291,2904
348,2904
3120,434
2001,434
1304,434
3372,434
3153,434
1541,1038
304,1038
2248,1038
3104,1038
2783,2115
1927,2115
3372,2115
2549,2115
3242,2115
2991,2989
3075,2989
1216,2989
1011,2989
904,2989
3136,2151
1039,2151
281,2151
2194,2151
1116,2151
2704,3467
3394,3467
2461,3467
2488,3467
825,3467
424,3089
3098,3089
3105,3089
2505,3089
1069,3089
2153,390
55,390
1705,390
444,390
2274,390
1525,3365
2924,3365
1532,3365
190,3365
3396,147
2463,147
43,147
3057,147
3471,147
1117,761
1189,761
283,761
2560,761
834,761
1553,3003
2148,3003
2536,3003
1337,3003
3422,3003
2388,3372
928,3372
2598,3372
3191,2568
838,2568
1979,2568
1887,2568
1572,2568
3181,2961
1785,2961
730,2961
1236,2961
1121,2961
1228,1337
2634,1337
2536,1337
1202,1337
49,1337
643,3091
1063,3091
1319,3091
635,3091
1834,769
1691,769
1567,769
346,769
1065,769
2993,1944
1267,1944
822,1944
2908,1944
2927,1944
1511,352
1707,352
509,352
2180,352
2527,352
1009,2297
1370,2297
568,2297
1289,2297
2089,2297
1525,1532
684,1532
190,1532
3035,1532
3376,1532
451,412
867,412
493,412
816,412
2190,412
1892,2891
946,2891
3245,2891
673,2891
3179,2891
1448,3358
801,3358
2418,3358
947,3358
3023,3358
3400,2998
153,2998
1032,2998
2255,2998
3484,2998
1034,2653
1649,2653
2573,2653
285,2653
27,2653
1212,932
2890,932
439,932
2572,932
1289,932
3400,1674
2134,1674
3484,1674
2171,1674
366,1674
1299,278
767,278
193,278
1203,278
2687,278
2478,31
989,31
3400,31
1444,31
3026,3122
3279,3122
2729,3122
3149,3122
908,3122
3400,2452
3109,2452
159,2452
1732,2452
2541,2452
1987,2667
2335,2667
3204,2667
3409,2667
2681,2140
2740,2140
3106,2140
2775,2140
1902,2140
1536,3487
2127,3487
237,3487
281,2793
875,2793
3120,2793
2646,2793
1482,2793
2620,3251
211,3251
2276,3251
2508,3251
117,3251
1217,2374
2695,2374
2180,2374
1899,2374
1677,2374
1304,125
2457,125
3400,125
3153,125
728,125
2182,703
1626,703
2492,703
3033,703
2329,703
745,2617
2212,2617
2223,2617
2716,2617
302,2617
1800,2569
2777,2569
3056,2569
667,2569
1798,1229
2673,1229
1809,1229
316,1229
1737,1229
2332,97
1739,97
602,97
2577,97
2900,97
2675,798
974,798
1371,798
1786,798
1540,798
1999,3455
2375,3455
2947,3455
2074,3455
3341,3455
491,1277
2131,1277
167,1277
889,1277
2261,1277
3484,1815
275,180
3153,180
1984,180
2408,180
3050,180
2551,261
535,261
582,261
214,261
419,261
2771,3293
1116,3293
1815,3293
1049,3293
281,3293
1372,2555
3453,2555
2998,2555
1383,2555
2258,2555
1573,2471
2245,2471
2670,2471
1385,2471
1696,2471
2356,2749
80,2749
2147,2749
1233,2749
2926,2749
928,2001
2598,2001
2388,2001
3153,2001
2646,49
281,49
3275,49
2134,1368
3484,1368
3486,1368
2298,1368
2457,1368
2707,161
743,161
34,161
3217,161
827,161
2239,790
2736,790
2947,790
1569,790
2001,1984
2598,1984
3372,1984
2388,1984
2481,1984
2044,88
3336,88
3030,88
1684,88
685,88
3086,181
1474,181
3242,181
275,181
2343,3390
2056,3390
3120,3390
329,3390
275,3390
1191,2863
931,2863
798,2863
1909,2863
2579,2863
119,2258
2166,2258
2255,2258
468,2912
28,2912
3274,2912
2229,2912
3399,2912
2406,1462
1997,1462
2298,1462
2134,1462
3484,1462
860,2213
1135,2213
1942,2213
2795,2213
1294,2213
1066,1316
1527,1316
503,1316
978,1316
1232,1316
2251,509
2536,509
3009,1781
2539,1781
3135,1781
2603,1781
664,1781
371,1596
1984,1596
1032,1596
1419,1596
2066,1596
3357,2733
518,2733
112,2733
2804,2733
1871,2733
2298,1764
1142,1764
108,1764
773,1764
1420,514
3032,514
3208,514
765,514
2504,514
2278,1302
3159,1302
992,1302
3258,1302
46,1302
2365,2741
2395,2741
2248,2741
1183,2741
2510,2741
2002,723
2088,723
2187,723
2375,723
1490,1407
2248,1407
1967,1407
699,1407
1441,1407
2289,54
3200,54
924,54
2794,54
1486,54
1482,324
1955,324
2646,324
3400,324
281,324
2598,1474
329,1474
3120,1474
3400,1474
1984,1474
1807,988
2818,988
2025,988
1820,988
1538,3316
2877,3316
550,3316
1614,3316
920,553
2609,553
65,553
146,553
2826,553
2646,2298
3400,2298
3484,2298
1955,2298
3357,2454
2733,2454
518,2454
2825,2454
2804,2454
2715,227
1502,227
3237,227
2531,227
1934,227
2361,3201
1646,3201
513,3201
1460,3201
626,3192
1955,3192
3400,3192
2635,3192
2478,3192
2326,456
861,456
1510,456
234,456
3409,2211
1983,2211
2696,2211
2255,2211
2090,984
2847,984
1822,984
1081,984
237,984
2001,275
2388,275
3372,275
2056,275
991,275
237,973
2127,973
205,973
573,973
1612,973
787,305
1293,305
907,305
3452,305
1666,305
1622,935
2146,935
2400,935
1958,935
1418,935
648,2128
269,2128
2936,2128
1332,2128
132,2128
3256,1669
2659,1669
1923,1669
1468,1669
3353,1669
3211,3041
1413,3041
849,3041
3457,3041
1116,2860
2255,2860
3005,3045
2479,3045
884,3045
2952,3045
1623,3045
1665,623
1265,623
631,623
3328,623
401,623
2166,3478
119,3478
39,3478
3409,408
215,408
3073,408
1210,408
696,2438
1765,2438
2437,2438
1843,2438
3454,2438
706,2399
3037,2399
3484,3147
3478,1116
3147,1116
3484,1116
976,2057
636,2057
2964,2057
1693,2057
249,2057
1955,1732
989,1732
329,1732
3153,1732
3400,1732
2646,1032
2255,1032
3147,1032
3484,1032
281,1032
75,2265
3053,845
2180,845
3197,845
509,845
2488,845
490,3176
1767,3176
1326,3176
1714,3176
3478,3100
3147,3100
2608,3441
281,3441
728,3441
3372,3441
2021,1597
109,1597
917,1597
2537,1597
3153,126
281,126
728,126
2646,126
635,1020
643,1020
1063,1020
2867,228
2589,228
2598,228
1633,228
2419,228
443,1529
1333,1529
735,1529
2626,1529
3139,1529
3047,1627
2146,1627
2246,1627
3041,1627
186,1627
1793,83
1880,83
1436,83
229,83
3478,253
2258,253
119,253
3147,253
1032,253
2866,371
2339,371
1927,371
1069,371
1242,371
1029,2082
1476,2082
587,2082
1485,2082
1761,2082
2457,1304
3484,1304
3486,1304
2134,1304
1602,2370
1827,2370
2550,2370
2249,2370
205,2370
1930,1390
2091,1390
515,1390
2203,2458
2924,2458
3045,1359
3356,1359
2891,1359
1340,1359
3425,1359
2785,878
113,878
1603,878
205,878
1769,878
631,2412
623,2412
1665,2412
2272,2412
1083,2412
805,2011
840,2011
3188,2011
1927,2011
732,2011
2646,281
3484,281
717,1348
2918,1348
338,1348
2457,1348
3429,1348
2457,2194
3147,2194
1815,2194
1116,2194
281,2194
2207,2179
1100,2179
1855,2179
1941,2179
1,2179
538,1201
1777,1201
1133,1201
1672,1201
1401,1244
670,1244
1719,1244
1477,1244
757,1244
1369,3206
3082,2836
1320,2836
2623,2836
2548,2836
2264,2836
1924,363
2629,363
883,363
1758,363
315,363
1830,93
2343,93
820,93
3010,93
839,2309
1624,2309
1066,2309
828,1745
1257,1745
3280,1745
527,1745
3132,1495
123,1495
2576,1495
1743,1495
1522,3242
595,3242
2388,3242
728,3242
3372,3242
2598,2537
1226,2537
3242,2537
728,2537
3426,537
1244,537
2756,537
1056,537
1256,537
2457,1013
3050,1013
3253,1013
268,1013
1069,1013
2831,1780
388,1780
2767,1780
169,1780
1046,1780
613,2083
2965,2083
1975,2083
3381,2083
121,2083
1641,1956
3221,1956
843,1956
1958,1956
2892,1956
1569,1577
2383,1577
1538,1577
3484,2931
1815,2931
3298,2931
1557,2931
1141,2931
1504,3377
2183,3377
378,3377
1881,3377
192,2754
1260,2754
1010,2754
328,2754
3447,3463
1343,3463
509,3463
387,3463
78,3463
824,2723
1802,2723
2342,2723
1209,2723
837,2723
762,2565
1927,2565
1891,373
2953,373
309,373
3021,373
3277,373
1116,3409
3478,3409
39,3409
2255,3235
3147,3235
1032,3235
989,3235
270,1494
2019,1494
3385,1494
1941,1494
733,1494
2123,3239
1868,3239
690,3239
2672,3239
1494,3239
3444,510
1157,510
328,510
2319,510
268,510
2065,1729
1284,1729
2227,1729
676,1729
2657,1729
2388,1541
928,1541
176,1541
2001,1541
3339,2382
509,2382
108,2382
542,2382
2452,2382
2651,2217
2497,2217
872,2217
429,2217
2031,2217
1329,1524
3189,1524
2319,1524
291,1524
510,1524
2388,2345
2028,2345
1541,2345
2056,2345
1793,2345
2194,1934
3484,1934
1815,1934
371,1934
3237,1934
2791,1231
1794,1231
1727,1231
2296,1231
1225,159
6,159
1641,159
989,159
3336,833
685,833
3348,833
2321,833
2852,833
2533,523
526,523
1723,523
551,523
2734,523
2570,2636
381,2636
1854,2636
1547,2636
1178,2636
590,616
2012,616
1844,616
507,616
2499,616
2867,2408
1984,2408
371,2408
3372,2408
1066,2408
1149,72
3238,72
1372,72
2509,72
1355,682
666,682
256,682
3250,682
328,682
2571,968
2992,968
766,968
3344,968
1221,968
2615,2352
1184,2352
1533,2352
3300,2352
2444,2352
3456,1703
397,1703
327,1703
2704,1703
3394,1703
2608,3013
728,3013
2531,3013
281,3013
1984,3013
2293,47
1772,47
362,47
1631,47
520,47
1226,1097
1984,1097
2309,1097
1854,1097
257,3144
3134,3144
1507,3144
2110,3144
2595,3144
2028,1866
1409,1866
1872,1866
2482,1866
3244,2196
3175,2196
2578,2196
2666,2196
2757,2196
516,3270
1482,3270
576,3270
725,3270
2923,3270
1998,2350
3095,2350
857,2350
124,2350
1625,2350
1012,2059
2007,2529
680,2529
2702,2529
18,2529
3002,2529
3051,2516
522,2516
597,2516
1067,2516
2201,2516
3410,808
504,808
1117,808
3034,808
181,808
2343,1958
989,1958
1815,1958
31,1958
1077,91
2409,91
2041,91
1694,91
3408,91
708,2163
990,2163
3262,2163
2760,2163
176,2163
614,1543
2725,1543
2739,1543
3342,1543
2065,1543
335,3302
407,3302
3450,3302
304,3302
268,3302
1310,15
1607,15
276,15
1498,15
1410,15
3400,715
3486,715
1304,715
281,715
2134,715
3252,1365
2692,1365
2459,1365
3155,1365
552,1365
892,2337
2101,2337
1743,2337
3461,2337
2895,2058
2850,2058
2250,2058
1641,2058
3326,1258
642,1258
247,1258
3052,1258
2690,1258
635,3430
439,3430
1747,3430
1399,3430
1063,3430
871,588
1461,588
862,588
1980,588
1300,588
404,813
2222,813
2948,813
891,813
2832,813
796,1309
1885,1309
37,1309
2150,1309
1922,1309
1541,1645
2056,1645
3120,1645
1853,1645
434,1645
1793,2745
1105,2745
215,2745
3348,2745
3439,2745
490,985
1767,985
1823,985
1326,985
3016,893
1012,893
2877,893
2191,893
3400,3369
2046,3369
640,3369
1720,3369
462,695
2476,695
446,695
649,695
2503,695
3129,2990
637,2990
2092,2990
2631,2990
1036,1263
2161,1263
1163,1263
2664,1263
3287,1263
772,524
3331,524
1483,524
508,524
1503,524
3203,3290
1903,3290
405,3290
2613,3290
383,3290
1226,2915
304,2915
3044,2915
1010,2915
1788,1008
1725,1008
677,1008
1432,1008
1313,1008
2833,257
1421,257
1433,257
1507,257
477,257
3400,989
2343,989
281,989
1032,989
1815,989
3480,2806
1415,2806
1423,2806
2656,2806
1493,2806
2939,272
2027,272
2259,272
2362,272
3133,272
693,3193
1818,3193
1942,3193
1360,3193
3382,3193
248,1154
1541,1154
3266,1154
1557,1154
2867,2660
1601,2660
2327,2660
2534,2660
1007,3361
1819,3361
1995,3361
1832,3361
2722,629
3367,629
2254,629
1793,3040
1912,3040
1436,3040
1022,3040
3348,3040
2853,1026
694,1067
2047,1067
2393,1067
1069,1067
2097,1067
2267,2200
3344,2200
2302,2200
3319,2200
2738,2200
2478,3223
3153,3223
1518,3223
1266,3223
2717,1143
2788,1143
2978,1143
3116,1143
969,1940
368,1940
551,1940
929,1940
1689,1940
2147,487
2811,487
1811,487
719,487
1128,487
2490,1234
2522,1234
2357,1234
420,1234
2457,3050
1069,3050
371,3050
1226,3050
1353,2730
435,2173
1166,2025
236,2025
918,2025
3180,2025
176,2025
2947,2812
2457,2812
3163,2812
2086,2812
109,2812
2623,3174
1803,3174
1102,3174
499,3174
2925,3174
485,436
209,436
1937,436
1757,436
29,436
2425,1617
1261,1617
1681,1617
1123,1617
2268,1617
1028,2994
914,2994
2307,2994
2060,2994
2622,2994
450,2327
2175,2327
1657,2327
1377,2327
1848,2327
2351,2218
1286,2218
658,2218
829,2218
505,2218
865,1598
3309,1598
2331,1598
1661,1598
1023,1598
2867,2937
2598,2937
1069,2937
3486,2937
2481,2937
3384,3171
2861,3171
2420,3171
2945,3171
142,3171
1608,525
1550,525
2224,525
76,525
1414,525
2786,949
90,949
1974,949
279,949
2774,949
1030,2850
2851,2850
244,2850
2922,2850
3066,2850
1115,2848
2106,2848
697,2848
3130,2848
899,2848
3214,2099
1384,2099
1685,2099
3021,2099
2034,2099
746,2780
1518,2780
3400,2780
1031,2780
1266,2780
2001,991
3372,991
928,991
2388,991
3120,991
2559,2324
3266,2324
2547,2324
855,2324
1107,2324
2194,2318
2457,2318
2134,2318
3484,2318
1815,2318
1578,1636
2501,1636
1706,3333
989,3333
2426,3333
2298,3333
3293,3333
1149,634
3238,634
1463,634
2509,634
1507,114
2833,114
1704,114
1433,114
257,114
2636,842
192,842
2995,842
3281,842
2861,842
991,3396
1803,3396
2457,3396
1531,3396
2134,3396
371,2706
3397,2706
2866,2706
1964,3022
1971,3022
2018,3022
2896,3022
120,3022
781,2167
1788,2167
2460,2167
558,2167
709,2167
3484,2457
2255,2457
3400,2457
647,802
1996,802
528,802
957,802
843,802
2357,1967
2290,1967
1558,1967
699,1967
1297,2905
1927,2905
1883,2905
2339,2905
1168,2905
1955,2576
153,2576
1069,2576
1106,2210
1478,1208
751,1208
1337,1208
3440,1208
509,1208
457,1434
3442,1434
1815,1434
